TRAIN,D906,上海,crh1e-new,D,TO_SUB_TERMINAL,20道OK
INITIAL,19:45,20:00,深圳北,1,U,U
STOP,5:44,5:50,杭州东,3,U,U
PASS,5:55,5:55,J3,1,U,U
PASS,5:38,5:38,E2,1,U,U
STOP,6:40,6:43,上海虹桥2,20,U,U
PASS,6:33,6:33,J4,1,U,U
PASS,6:35,6:35,J5,1,U,U
PASS,6:48,6:48,E4,1,U,U
TERMINAL,7:12,7:27,上海,1,U,U
TRAIN,D932,上海虹桥,crh1e,D,TO_MAIN_TERMINAL,(3)
INITIAL,15:52,16:07,湛江西,1,U,U
STOP,16:39,16:41,茂名,1,U,U
STOP,17:24,17:26,阳江,1,U,U
STOP,18:28,18:30,新会,1,U,U
STOP,19:04,19:24,广州南,1,U,U
STOP,20:02,20:10,深圳北,1,U,U
STOP,22:04,22:06,潮汕,1,U,U
STOP,5:54,6:00,杭州东,5,U,U
PASS,6:05,6:05,J3,1,U,U
PASS,5:48,5:48,E2,1,U,U
TERMINAL,6:50,7:05,上海虹桥,3,U,U
PASS,6:43,6:43,J4,1,U,U
TRAIN,D936,上海虹桥,crh1e,D,TO_MAIN_TERMINAL,(6)
INITIAL,19:19,19:34,广州南,1,U,U
STOP,20:07,20:15,深圳北,1,U,U
STOP,21:45,21:47,普宁,1,U,U
STOP,23:25,23:29,厦门北,1,U,U
STOP,4:07,4:25,宁波,1,U,U
STOP,5:59,6:05,杭州东,3,U,U
PASS,6:10,6:10,J3,1,U,U
PASS,5:53,5:53,E2,1,U,U
TERMINAL,6:55,7:10,上海虹桥,6,U,U
PASS,6:48,6:48,J4,1,U,U
TRAIN,G7358,上海,crh380d,G,TO_SUB_TERMINAL,20道OK
INITIAL,5:55,6:10,杭州,3,U,U
PASS,6:17,6:17,J2,1,U,U
PASS,6:22,6:22,J3,1,U,U
STOP,6:39,6:41,嘉兴南,1,U,U
STOP,7:08,7:10,上海虹桥2,20,U,U
PASS,7:01,7:01,J4,1,U,U
PASS,7:03,7:03,J5,1,U,U
PASS,7:15,7:15,E4,1,U,U
TERMINAL,7:36,7:51,上海,1,U,U
TRAIN,D942,上海虹桥,crh1e,D,TO_MAIN_TERMINAL,(4)
INITIAL,18:03,18:18,珠海,1,U,U
STOP,18:41,18:44,中山,1,U,U
STOP,19:14,19:39,广州南,1,U,U
STOP,20:12,20:20,深圳北,1,U,U
STOP,20:47,20:49,惠州南,1,U,U
STOP,23:30,23:35,厦门北,1,U,U
STOP,4:12,4:30,宁波,1,U,U
STOP,6:04,6:10,杭州东,1,U,U
PASS,6:15,6:15,J3,1,U,U
PASS,5:58,5:58,E2,1,U,U
TERMINAL,7:00,7:10,上海虹桥,4,U,U
PASS,6:53,6:53,J4,1,U,U
TRAIN,G7556,上海虹桥,crh380b,G,TO_MAIN_TERMINAL,8道(6)套G576@0824苏州北长沙南
INITIAL,6:33,6:48,杭州东,6,U,U
PASS,6:53,6:53,J3,1,U,U
STOP,6:58,7:00,余杭,1,U,U
STOP,7:12,7:14,桐乡,1,U,U
STOP,7:25,7:27,嘉兴南,1,U,U
STOP,7:47,7:49,松江南,1,U,U
TERMINAL,8:03,8:13,上海虹桥,6,U,U
PASS,7:56,7:56,J4,1,U,U
TRAIN,G7558,上海虹桥,crh380b,G,TO_MAIN_TERMINAL,16道(1)套G212@0842天津
INITIAL,6:51,7:06,杭州东,1,U,U
PASS,7:11,7:11,J3,1,U,U
STOP,7:23,7:25,桐乡,1,U,U
STOP,7:40,7:42,嘉善南,1,U,U
STOP,7:52,7:54,金山北,1,U,U
TERMINAL,8:12,8:27,上海虹桥,1,U,U
PASS,8:05,8:05,J4,1,U,U
TRAIN,G7310,上海虹桥,crh380d,G,TO_MAIN_TERMINAL,(5)
INITIAL,6:53,7:08,杭州,4,U,U
PASS,7:15,7:15,J2,1,U,U
PASS,7:20,7:20,J3,1,U,U
STOP,7:26,7:28,余杭,1,U,U
STOP,7:36,7:38,海宁西,1,U,U
STOP,7:53,7:55,嘉兴南,1,U,U
TERMINAL,8:22,8:37,上海虹桥,5,U,U
PASS,8:15,8:15,J4,1,U,U
TRAIN,G1866,郑州东,crh380b,G,TO_OTHER_LINES,10道(5)
INITIAL,6:10,6:25,宁波,1,U,U
STOP,6:44,6:46,余姚北,1,U,U
STOP,6:58,7:00,绍兴东,1,U,U
STOP,7:11,7:13,绍兴北,1,U,U
STOP,7:32,7:38,杭州东,1,U,U
PASS,7:43,7:43,J3,1,U,U
PASS,7:26,7:26,E2,1,U,U
STOP,7:55,7:57,桐乡,1,U,U
STOP,8:08,8:10,嘉兴南,1,U,U
STOP,8:19,8:21,嘉善南,1,U,U
STOP,8:44,8:47,上海虹桥,5,U,U
PASS,8:37,8:37,J4,1,U,U
PASS,8:52,8:52,E3,1,U,U
STOP,9:10,9:21,苏州北,1,U,U
STOP,9:45,9:48,常州北,1,U,U
STOP,10:06,10:08,镇江南,1,U,U
STOP,10:28,10:33,南京南,1,U,U
STOP,11:35,11:37,宿州东,1,U,U
STOP,11:56,11:59,徐州东,1,U,U
STOP,12:17,12:23,萧县北,1,U,U
STOP,12:55,12:57,商丘,1,U,U
STOP,13:20,13:22,兰考南,1,U,U
TERMINAL,13:54,14:09,郑州东,1,U,U
TRAIN,G7302,上海虹桥,cr400bf,G,TO_MAIN_TERMINAL,11道(5)折返G1655@09.23
INITIAL,7:49,7:58,杭州,3,U,U
PASS,8:05,8:05,J2,1,U,U
PASS,8:10,8:10,J3,1,U,U
STOP,8:17,8:19,海宁西,1,U,U
STOP,8:34,8:36,嘉兴南,1,U,U
TERMINAL,9:03,9:13,上海虹桥,5,U,U
PASS,8:56,8:56,J4,1,U,U
TRAIN,G7372,合肥南,crh380b,G,TO_OTHER_LINES,20道OK
INITIAL,6:12,6:27,江山,1,U,U
STOP,6:38,6:40,衢州,1,U,U
STOP,6:51,6:53,龙游,1,U,U
STOP,7:08,7:10,金华,1,U,U
STOP,7:26,7:28,义乌,1,U,U
STOP,8:00,8:11,杭州东,3,U,U
PASS,8:16,8:16,J3,1,U,U
PASS,7:54,7:54,E2,1,U,U
STOP,8:21,8:23,余杭,1,U,U
STOP,8:35,8:37,桐乡,1,U,U
STOP,8:48,8:50,嘉兴南,1,U,U
STOP,9:08,9:11,松江南,1,U,U
STOP,9:25,9:27,上海虹桥2,20,U,U
PASS,9:18,9:18,J4,1,U,U
PASS,9:20,9:20,J5,1,U,U
PASS,9:32,9:32,E4,1,U,U
STOP,9:45,9:52,昆山南,1,U,U
STOP,10:06,10:08,苏州,1,U,U
STOP,10:22,10:24,无锡,1,U,U
STOP,10:39,10:41,常州,1,U,U
STOP,11:03,11:05,镇江,1,U,U
STOP,11:32,11:37,南京南,1,U,U
TERMINAL,12:30,12:45,合肥南,1,U,U
TRAIN,G7502,上海虹桥,crh380b,G,TO_MAIN_TERMINAL,(5)
INITIAL,6:58,7:13,宁波,1,U,U
STOP,7:22,7:24,庄桥,1,U,U
STOP,7:45,7:47,绍兴东,1,U,U
STOP,7:58,8:00,绍兴北,1,U,U
STOP,8:19,8:23,杭州东,5,U,U
PASS,8:28,8:28,J3,1,U,U
PASS,8:13,8:13,E2,1,U,U
STOP,8:33,8:35,余杭,1,U,U
STOP,8:53,8:55,嘉兴南,3,U,U
STOP,9:09,9:11,金山北,1,U,U
TERMINAL,9:29,9:40,上海虹桥,5,U,U
PASS,9:22,9:22,J4,1,U,U
TRAIN,G7564,金寨,crh380b,G,TO_OTHER_LINES,20道OK
INITIAL,8:19,8:34,杭州东,1,U,U
PASS,8:39,8:39,J3,1,U,U
STOP,8:51,8:53,桐乡,1,U,U
STOP,9:08,9:11,嘉善南,1,U,U
STOP,9:34,9:36,上海虹桥2,20,U,U
PASS,9:27,9:27,J4,1,U,U
PASS,9:29,9:29,J5,1,U,U
PASS,9:41,9:41,E4,1,U,U
STOP,9:56,9:58,昆山南,1,U,U
STOP,10:11,10:13,苏州,1,U,U
STOP,10:27,10:29,无锡,1,U,U
STOP,10:38,10:43,惠山,1,U,U
STOP,11:06,11:08,丹阳,1,U,U
STOP,11:43,11:47,南京南,1,U,U
STOP,12:08,12:10,全椒,1,U,U
STOP,12:46,12:55,合肥南,1,U,U
STOP,13:19,13:26,六安,1,U,U
TERMINAL,13:43,13:58,金寨,1,U,U
TRAIN,G7307,上海虹桥,crh380b,G,TO_MAIN_TERMINAL,拆分自G7306
INITIAL,6:50,7:05,溧阳,1,U,U
STOP,7:16,7:20,宜兴,1,U,U
STOP,7:37,7:40,湖州,1,U,U
STOP,7:52,7:54,德清,1,U,U
PASS,8:02,8:02,J1,1,D,D
PASS,8:00,8:00,E1,1,D,D
TERMINAL,8:14,8:24,杭州,3,D,U
TRAIN,G7306,上海虹桥,crh380b,G,TO_MAIN_TERMINAL,18道(1)->5套G7180@1007南京南
INITIAL,8:24,8:34,杭州,3,D,U
PASS,8:41,8:41,J2,1,U,U
PASS,8:46,8:46,J3,1,U,U
STOP,8:53,8:55,余杭,1,U,U
STOP,9:07,9:09,桐乡,1,U,U
TERMINAL,9:43,9:55,上海虹桥,5,U,U
PASS,9:36,9:36,J4,1,U,U
TRAIN,G7530,上海虹桥,cr400bf,G,TO_MAIN_TERMINAL,6道(4)折返G1657@1018
INITIAL,6:42,6:57,宁海,1,U,U
STOP,7:26,7:29,宁波,1,U,U
STOP,7:48,7:54,余姚北,1,U,U
STOP,8:12,8:15,绍兴北,1,U,U
STOP,8:34,8:39,杭州东,3,U,U
PASS,8:44,8:44,J3,1,U,U
PASS,8:28,8:28,E2,1,U,U
STOP,8:52,8:54,海宁西,1,U,U
STOP,9:09,9:11,嘉兴南,1,U,U
TERMINAL,9:38,9:58,上海虹桥,4,U,U
PASS,9:31,9:31,J4,1,U,U
TRAIN,G7382,上海虹桥,crh380b,G,TO_MAIN_TERMINAL,(3)
INITIAL,7:00,7:15,衢州,1,U,U
STOP,7:26,7:28,龙游,1,U,U
STOP,7:43,7:45,金华,1,U,U
STOP,8:01,8:03,义乌,1,U,U
STOP,8:17,8:19,诸暨,1,U,U
STOP,8:42,8:53,杭州东,5,U,U
PASS,8:58,8:58,J3,1,U,U
PASS,8:36,8:36,E2,1,U,U
STOP,9:06,9:08,海宁西,1,U,U
STOP,9:37,9:40,松江南,1,U,U
TERMINAL,9:54,10:09,上海虹桥,3,U,U
PASS,9:47,9:47,J4,1,U,U
TRAIN,G7330,上海虹桥,crh380d,G,TO_MAIN_TERMINAL,16道(1)折返G1349@1048
INITIAL,6:25,6:40,温州南,1,U,U
STOP,7:14,7:16,丽水,1,U,U
STOP,7:29,7:31,缙云西,1,U,U
STOP,7:42,7:44,永康南,1,U,U
STOP,7:55,7:57,武义北,1,U,U
STOP,8:08,8:11,金华南,1,U,U
STOP,8:30,8:32,义乌,1,U,U
STOP,9:04,9:07,杭州东,1,U,U
PASS,9:12,9:12,J3,1,U,U
PASS,8:58,8:58,E2,1,U,U
STOP,9:24,9:26,桐乡,1,U,U
STOP,9:41,9:43,嘉善南,1,U,U
TERMINAL,10:07,10:27,上海虹桥,1,U,U
PASS,10:00,10:00,J4,1,U,U
TRAIN,G7504,上海虹桥,crh380b,G,TO_MAIN_TERMINAL,14道(3)折返G7509@1058
INITIAL,6:14,6:29,温州南,1,U,U
STOP,7:04,7:06,温岭,1,U,U
STOP,7:17,7:19,台州,1,U,U
STOP,7:48,7:50,宁海,1,U,U
STOP,8:21,8:23,宁波,1,U,U
STOP,8:56,8:58,绍兴北,1,U,U
STOP,9:17,9:19,杭州东,5,U,U
PASS,9:24,9:24,J3,1,U,U
PASS,9:11,9:11,E2,1,U,U
STOP,9:42,9:44,嘉兴南,1,U,U
STOP,9:58,10:01,金山北,1,U,U
TERMINAL,10:20,10:39,上海虹桥,3,U,U
PASS,10:13,10:13,J4,1,U,U
TRAIN,G42,北京南,crh380b,G,TO_LONG_DISTANCE,10道(5)
INITIAL,9:09,9:24,杭州东,6,U,U
PASS,9:29,9:29,J3,1,U,U
STOP,9:41,9:43,桐乡,1,U,U
STOP,9:54,9:56,嘉兴南,1,U,U
STOP,10:24,10:26,上海虹桥,5,U,U
PASS,10:17,10:17,J4,1,U,U
PASS,10:31,10:31,E3,1,U,U
STOP,10:54,10:56,无锡东,1,U,U
STOP,11:26,11:28,镇江南,1,U,U
STOP,11:47,11:49,南京南,1,U,U
STOP,12:49,12:54,宿州东,1,U,U
STOP,13:13,13:15,徐州东,1,U,U
STOP,14:06,14:08,泰安,1,U,U
STOP,14:26,14:28,济南西,1,U,U
STOP,15:31,15:34,天津南,1,U,U
TERMINAL,16:08,16:23,北京南,1,U,U
TRAIN,G7364,上海虹桥,crh380b,G,TO_MAIN_TERMINAL,11道(5)套G124@1100北京南
INITIAL,7:24,7:39,江山,1,U,U
STOP,7:50,7:52,衢州,1,U,U
STOP,8:03,8:05,龙游,1,U,U
STOP,8:20,8:23,金华,1,U,U
STOP,8:39,8:42,义乌,1,U,U
STOP,8:56,8:58,诸暨,1,U,U
STOP,9:22,9:29,杭州东,1,U,U
PASS,9:34,9:34,J3,1,U,U
PASS,9:16,9:16,E2,1,U,U
STOP,9:42,9:44,海宁西,1,U,U
STOP,9:59,10:01,嘉兴南,3,U,U
STOP,10:19,10:22,松江南,1,U,U
TERMINAL,10:36,10:48,上海虹桥,5,U,U
PASS,10:29,10:29,J4,1,U,U
TRAIN,G7386,合肥南,crh380b,G,TO_OTHER_LINES,19道(1)
INITIAL,7:56,8:11,衢州,1,U,U
STOP,8:32,8:34,金华,1,U,U
STOP,8:50,8:52,义乌,1,U,U
STOP,9:06,9:08,诸暨,1,U,U
STOP,9:31,9:35,杭州东,3,U,U
PASS,9:40,9:40,J3,1,U,U
PASS,9:25,9:25,E2,1,U,U
STOP,9:45,9:50,余杭,1,U,U
STOP,10:02,10:04,桐乡,1,U,U
STOP,10:19,10:21,嘉善南,1,U,U
STOP,10:35,10:37,松江南,1,U,U
STOP,10:51,10:54,上海虹桥,1,U,U
PASS,10:44,10:44,J4,1,U,U
PASS,10:59,10:59,E3,1,U,U
STOP,11:17,11:23,苏州北,1,U,U
STOP,11:45,11:47,常州北,1,U,U
STOP,12:05,12:11,镇江南,1,U,U
STOP,12:31,12:46,南京南,1,U,U
STOP,13:06,13:13,全椒,1,U,U
TERMINAL,13:49,14:04,合肥南,1,U,U
TRAIN,G7393,上海虹桥,crh380b,G,TO_MAIN_TERMINAL,拆分自G7392
INITIAL,7:18,7:33,南京南,1,U,U
STOP,8:02,8:04,溧阳,1,U,U
STOP,8:16,8:19,宜兴,1,U,U
STOP,8:31,8:33,长兴,1,U,U
STOP,8:43,8:45,湖州,1,U,U
STOP,8:58,9:00,德清,1,U,U
PASS,9:10,9:10,J1,1,D,D
PASS,9:08,9:08,E1,1,D,D
TERMINAL,9:22,9:30,杭州,3,D,U
TRAIN,G7392,上海虹桥,crh380b,G,TO_MAIN_TERMINAL,18道(1)套G1956@1159太原南
INITIAL,9:30,9:39,杭州,3,D,U
PASS,9:46,9:46,J2,1,U,U
PASS,9:51,9:51,J3,1,U,U
STOP,9:56,9:59,余杭,1,U,U
STOP,10:18,10:20,嘉兴南,1,U,U
STOP,10:34,10:36,金山北,1,U,U
STOP,10:45,10:47,松江南,1,U,U
TERMINAL,11:01,11:30,上海虹桥,1,U,U
PASS,10:54,10:54,J4,1,U,U
TRAIN,G7532,上海虹桥,crh380b,G,TO_MAIN_TERMINAL,7道(6)折返G7537@1129*
INITIAL,7:30,7:45,三门县,1,U,U
STOP,8:26,8:30,宁波,1,U,U
STOP,8:49,8:51,余姚北,1,U,U
STOP,9:03,9:05,绍兴东,1,U,U
STOP,9:16,9:18,绍兴北,1,U,U
STOP,9:37,9:41,杭州东,1,U,U
PASS,9:46,9:46,J3,1,U,U
PASS,9:31,9:31,E2,1,U,U
PASS,9:49,9:49,余杭,1,U,U
STOP,10:04,10:06,嘉兴南,1,U,U
STOP,10:20,10:23,金山北,1,U,U
TERMINAL,10:41,10:56,上海虹桥,6,U,U
PASS,10:34,10:34,J4,1,U,U
TRAIN,G7572,淮南东,crh2c1,G,TO_OTHER_LINES,20道OK
INITIAL,6:34,6:49,温州南,1,U,U
STOP,7:04,7:06,乐清,1,U,U
STOP,7:30,7:32,温岭,1,U,U
STOP,7:43,7:45,台州,1,U,U
STOP,8:04,8:06,三门县,1,U,U
STOP,8:32,8:34,奉化,1,U,U
STOP,8:53,8:55,宁波,1,U,U
STOP,9:21,9:23,绍兴东,1,U,U
STOP,9:34,9:36,绍兴北,1,U,U
STOP,9:55,9:57,杭州东,5,U,U
PASS,10:02,10:02,J3,1,U,U
PASS,9:49,9:49,E2,1,U,U
STOP,10:14,10:17,桐乡,1,U,U
STOP,10:32,10:34,嘉善南,1,U,U
STOP,10:44,10:47,金山北,1,U,U
STOP,11:06,11:10,上海虹桥2,20,U,U
PASS,10:59,10:59,J4,1,U,U
PASS,11:01,11:01,J5,1,U,U
PASS,11:15,11:15,E4,1,U,U
STOP,11:29,11:31,昆山南,1,U,U
STOP,11:42,11:44,苏州,1,U,U
STOP,11:59,12:02,无锡,1,U,U
STOP,12:16,12:18,常州,1,U,U
STOP,12:34,12:40,丹阳,1,U,U
STOP,12:52,12:54,镇江,1,U,U
STOP,13:21,13:23,南京南,1,U,U
STOP,13:43,13:45,全椒,1,U,U
STOP,14:25,14:36,合肥,1,U,U
STOP,14:58,15:00,水家湖,1,U,U
TERMINAL,15:09,15:24,淮南东,1,U,U
TRAIN,G1228,沈阳北,crh380b,G,TO_LONG_DISTANCE,14道(3)
INITIAL,6:39,6:54,苍南,1,U,U
STOP,7:04,7:06,鳌江,1,U,U
STOP,7:15,7:17,瑞安,1,U,U
STOP,7:30,7:36,温州南,1,U,U
STOP,7:55,7:57,青田,1,U,U
STOP,8:17,8:19,丽水,1,U,U
STOP,8:32,8:34,缙云西,1,U,U
STOP,8:44,8:46,永康南,1,U,U
STOP,9:04,9:06,金华南,1,U,U
STOP,9:25,9:27,义乌,1,U,U
STOP,10:00,10:02,杭州东,3,U,U
PASS,10:07,10:07,J3,1,U,U
PASS,9:54,9:54,E2,1,U,U
STOP,10:15,10:17,海宁西,1,U,U
STOP,10:32,10:35,嘉兴南,1,U,U
STOP,10:44,10:46,嘉善南,1,U,U
STOP,11:10,11:25,上海虹桥,3,U,U
PASS,11:03,11:03,J4,1,U,U
PASS,11:30,11:30,E3,1,U,U
STOP,11:42,11:44,昆山南,1,U,U
STOP,11:55,11:57,苏州北,1,U,U
STOP,12:19,12:21,常州北,1,U,U
STOP,12:52,12:54,南京南,1,U,U
STOP,13:12,13:14,滁州,1,U,U
STOP,13:43,13:52,蚌埠南,1,U,U
STOP,14:31,14:33,徐州东,1,U,U
STOP,15:10,15:12,曲阜东,1,U,U
STOP,15:44,15:50,济南西,1,U,U
STOP,16:14,16:16,德州东,1,U,U
STOP,17:10,17:12,天津西,1,U,U
STOP,17:21,17:23,天津,1,U,U
STOP,17:41,17:53,滨海,1,U,U
STOP,18:13,18:16,唐山,1,U,U
STOP,18:53,18:56,秦皇岛,1,U,U
STOP,19:12,19:14,山海关,1,U,U
STOP,20:10,20:12,锦州南,1,U,U
STOP,20:47,20:49,盘锦,1,U,U
STOP,21:11,21:13,海城西,1,U,U
STOP,21:25,21:27,鞍山西,1,U,U
STOP,21:38,21:40,辽阳,1,U,U
STOP,22:04,22:06,沈阳,1,U,U
TERMINAL,22:14,22:29,沈阳北,1,U,U
TRAIN,G7354,常州,crh380d,G,TO_OTHER_LINES,20道OK
INITIAL,9:55,10:04,杭州,4,U,U
PASS,10:11,10:11,J2,1,U,U
PASS,10:16,10:16,J3,1,U,U
STOP,10:29,10:31,桐乡,1,U,U
STOP,10:42,10:45,嘉兴南,1,U,U
STOP,11:03,11:05,松江南,1,U,U
STOP,11:19,11:22,上海虹桥2,20,U,U
PASS,11:12,11:12,J4,1,U,U
PASS,11:14,11:14,J5,1,U,U
PASS,11:27,11:27,E4,1,U,U
STOP,11:41,11:43,昆山南,1,U,U
STOP,11:53,11:55,苏州园区,1,U,U
STOP,12:01,12:03,苏州,1,U,U
STOP,12:23,12:24,惠山,1,U,U
TERMINAL,12:36,12:51,常州,1,U,U
TRAIN,D3322,上海虹桥,crh2a-t,D,TO_MAIN_TERMINAL, 6道(4)折返D3207@1148
INITIAL,8:56,9:11,金华,1,U,U
STOP,9:30,9:32,义乌,1,U,U
STOP,10:08,10:16,杭州东,1,U,U
PASS,10:21,10:21,J3,1,U,U
PASS,10:02,10:02,E2,1,U,U
STOP,10:28,10:32,海宁西,1,U,U
STOP,10:48,10:52,嘉兴南,3,U,U
TERMINAL,11:23,11:35,上海虹桥,4,U,U
PASS,11:16,11:16,J4,1,U,U
TRAIN,D3324,上海虹桥,crh2a-t,D,TO_MAIN_TERMINAL, 5道(4)->6折返D3291@1215
INITIAL,6:46,7:01,景德镇北,1,U,U
STOP,7:27,7:29,婺源,1,U,U
STOP,8:45,8:47,江山,1,U,U
STOP,9:17,9:22,金华,1,U,U
STOP,9:50,9:53,诸暨,1,U,U
STOP,10:18,10:26,杭州东,5,U,U
PASS,10:31,10:31,J3,1,U,U
PASS,10:12,10:12,E2,1,U,U
STOP,10:52,11:01,嘉兴南,1,U,U
STOP,11:09,11:16,嘉善南,1,U,U
TERMINAL,11:41,11:58,上海虹桥,6,U,U
PASS,11:34,11:34,J4,1,U,U
TRAIN,G1382,上海虹桥,crh380a,G,TO_MAIN_TERMINAL, 12道(5)折返G1387@1220*
INITIAL,8:58,9:13,衢州,1,U,U
STOP,9:34,9:36,金华,1,U,U
STOP,10:01,10:03,诸暨,1,U,U
STOP,10:27,10:31,杭州东,1,U,U
PASS,10:36,10:36,J3,1,U,U
PASS,10:21,10:21,E2,1,U,U
STOP,10:48,10:50,桐乡,1,U,U
STOP,11:10,11:12,金山北,1,U,U
TERMINAL,11:31,11:44,上海虹桥,5,U,U
PASS,11:24,11:24,J4,1,U,U
TRAIN,G7506,上海虹桥,crh380b,G,TO_MAIN_TERMINAL, 15道(3)折返G7511@1153
INITIAL,7:17,7:32,温州南,1,U,U
STOP,7:47,7:48,乐清,1,U,U
STOP,8:12,8:14,温岭,1,U,U
STOP,8:25,8:27,台州,1,U,U
STOP,9:23,9:25,宁波,1,U,U
STOP,9:44,9:46,余姚北,1,U,U
STOP,9:58,10:00,绍兴东,1,U,U
STOP,10:11,10:13,绍兴北,1,U,U
STOP,10:32,10:36,杭州东,3,U,U
PASS,10:41,10:41,J3,1,U,U
PASS,10:26,10:26,E2,1,U,U
STOP,10:49,10:51,海宁西,1,U,U
STOP,11:06,11:08,嘉兴南,1,U,U
TERMINAL,11:36,11:44,上海虹桥,3,U,U
PASS,11:29,11:29,J4,1,U,U
TRAIN,G7586,常州,crh2c1,G,TO_OTHER_LINES, 20道OK
INITIAL,7:27,7:42,温州南,1,U,U
STOP,8:02,8:04,绅坊,1,U,U
STOP,8:30,8:32,台州,1,U,U
STOP,8:43,8:46,临海,1,U,U
STOP,9:08,9:11,宁海,1,U,U
STOP,9:42,9:44,宁波,1,U,U
STOP,10:03,10:10,余姚北,1,U,U
STOP,10:43,10:45,杭州东,1,U,U
PASS,10:50,10:50,J3,1,U,U
PASS,10:37,10:37,E2,1,U,U
STOP,11:03,11:05,桐乡,1,U,U
STOP,11:16,11:18,嘉兴南,1,U,U
STOP,11:46,11:48,上海虹桥2,20,U,U
PASS,11:39,11:39,J4,1,U,U
PASS,11:41,11:41,J5,1,U,U
PASS,11:53,11:53,E4,1,U,U
STOP,12:02,12:07,安亭北,1,U,U
STOP,12:23,12:26,苏州,1,U,U
STOP,12:41,12:43,无锡,1,U,U
TERMINAL,12:58,13:13,常州,1,U,U
TRAIN,G7332,上海虹桥,crh380b,G,TO_MAIN_TERMINAL,14道(3)->9折返G7335@1230
INITIAL,7:36,7:51,苍南,1,U,U
STOP,8:01,8:03,鳌江,1,U,U
STOP,8:20,8:22,温州南,1,U,U
STOP,8:41,8:43,青田,1,U,U
STOP,9:03,9:05,丽水,1,U,U
STOP,9:18,9:20,缙云西,1,U,U
STOP,9:30,9:32,永康南,1,U,U
STOP,9:50,9:52,金华南,1,U,U
STOP,10:11,10:13,义乌,1,U,U
STOP,10:48,10:50,杭州东,5,U,U
PASS,10:55,10:55,J3,1,U,U
PASS,10:42,10:42,E2,1,U,U
STOP,11:00,11:02,余杭,1,U,U
STOP,11:20,11:23,嘉兴南,3,U,U
TERMINAL,11:51,12:10,上海虹桥,9,U,U
PASS,11:44,11:44,J4,1,U,U
TRAIN,G7368,上海虹桥,crh380b,G,TO_MAIN_TERMINAL, 19道(1)->7套G412@1228北京南
INITIAL,7:43,7:58,乐清,1,U,U
STOP,8:14,8:38,温州南,1,U,U
STOP,9:12,9:14,丽水,1,U,U
STOP,9:27,9:29,缙云西,1,U,U
STOP,9:40,9:42,永康南,1,U,U
STOP,9:53,9:57,武义北,1,U,U
STOP,10:22,10:24,义乌,1,U,U
STOP,10:56,10:59,杭州东,3,U,U
PASS,11:04,11:04,J3,1,U,U
PASS,10:50,10:50,E2,1,U,U
STOP,11:17,11:20,桐乡,1,U,U
STOP,11:35,11:37,嘉善南,1,U,U
TERMINAL,12:00,12:14,上海虹桥,7,U,U
PASS,11:53,11:53,J4,1,U,U
TRAIN,G7576,六安,crh380b,G,TO_OTHER_LINES,20道OK
INITIAL,6:51,7:06,苍南,1,U,U
STOP,7:16,7:18,鳌江,1,U,U
STOP,7:27,7:29,瑞安,1,U,U
STOP,7:41,7:48,温州南,1,U,U
STOP,7:57,7:59,永嘉,1,U,U
STOP,8:21,8:23,雁荡山,1,U,U
STOP,8:35,8:42,温岭,1,U,U
STOP,8:53,8:55,台州,1,U,U
STOP,9:52,9:54,宁波,1,U,U
STOP,10:03,10:05,庄桥,1,U,U
STOP,10:26,10:28,绍兴东,1,U,U
STOP,10:39,10:42,绍兴北,1,U,U
STOP,11:01,11:04,杭州东,1,U,U
PASS,11:09,11:09,J3,1,U,U
PASS,10:55,10:55,E2,1,U,U
STOP,11:17,11:19,海宁西,1,U,U
STOP,11:34,11:36,嘉兴南,1,U,U
STOP,11:54,11:56,松江南,1,U,U
STOP,12:10,12:16,上海虹桥2,20,U,U
PASS,12:03,12:03,J4,1,U,U
PASS,12:05,12:05,J5,1,U,U
PASS,12:21,12:21,E4,1,U,U
STOP,12:41,12:43,苏州,1,U,U
STOP,12:58,13:00,无锡,1,U,U
STOP,13:14,13:16,常州,1,U,U
STOP,13:32,13:34,丹阳,1,U,U
STOP,13:46,13:48,镇江,1,U,U
STOP,14:15,14:17,南京南,1,U,U
STOP,14:37,14:39,全椒,1,U,U
STOP,15:15,15:22,合肥南,1,U,U
TERMINAL,15:46,16:01,六安,1,U,U
TRAIN,G1342,上海虹桥,crh3c,G,TO_MAIN_TERMINAL,2道(2)折返G1369@1240
INITIAL,6:51,7:06,长沙南,1,U,U
STOP,7:48,7:50,宜春,1,U,U
STOP,10:01,10:03,衢州,1,U,U
STOP,10:44,10:46,诸暨,1,U,U
STOP,11:10,11:13,杭州东,5,U,U
PASS,11:18,11:18,J3,1,U,U
PASS,11:04,11:04,E2,1,U,U
STOP,11:31,11:33,桐乡,1,U,U
STOP,11:48,11:50,嘉善南,1,U,U
TERMINAL,12:14,12:27,上海虹桥,2,U,U
PASS,12:07,12:07,J4,1,U,U
TRAIN,G1520,上海虹桥,crh380b,G,TO_MAIN_TERMINAL,(5)
INITIAL,7:59,8:14,黄山北,1,U,U
STOP,8:35,8:37,婺源,1,U,U
STOP,10:01,10:03,龙游,1,U,U
STOP,10:18,10:23,金华,1,U,U
STOP,10:39,10:42,义乌,1,U,U
STOP,11:15,11:18,杭州东,3,U,U
PASS,11:23,11:23,J3,1,U,U
PASS,11:09,11:09,E2,1,U,U
STOP,11:28,11:33,余杭,1,U,U
STOP,11:51,11:54,嘉兴南,3,U,U
TERMINAL,12:22,12:37,上海虹桥,5,U,U
PASS,12:15,12:15,J4,1,U,U
TRAIN,G1384,上海虹桥,crh380a,G,TO_MAIN_TERMINAL,16道(1)折返G1389@1310*
INITIAL,7:59,8:14,南昌西,1,U,U
STOP,8:48,8:50,鹰潭北,1,U,U
STOP,10:01,10:03,江山,1,U,U
STOP,10:30,10:32,金华,1,U,U
STOP,10:48,10:50,义乌,1,U,U
STOP,11:22,11:24,杭州东,1,U,U
PASS,11:29,11:29,J3,1,U,U
PASS,11:16,11:16,E2,1,U,U
PASS,11:32,11:32,余杭,1,U,U
STOP,11:47,11:49,嘉兴南,1,U,U
TERMINAL,12:18,12:33,上海虹桥,1,U,U
PASS,12:11,12:11,J4,1,U,U
TRAIN,G7304,上海虹桥,crh380d,G,TO_MAIN_TERMINAL,19道(1)->7折返G7305@1330*
INITIAL,11:18,11:30,杭州,3,U,U
PASS,11:37,11:37,J2,1,U,U
PASS,11:42,11:42,J3,1,U,U
STOP,11:49,11:54,海宁西,1,U,U
STOP,12:09,12:12,嘉兴南,3,U,U
TERMINAL,12:39,12:54,上海虹桥,7,U,U
PASS,12:32,12:32,J4,1,U,U
TRAIN,G7508,上海虹桥,crh380d,G,TO_MAIN_TERMINAL,15道(3)折返G1329@1342*
INITIAL,9:10,9:25,台州,1,U,U
STOP,9:43,9:45,三门县,1,U,U
STOP,10:25,10:28,宁波,1,U,U
STOP,10:54,10:56,绍兴东,1,U,U
STOP,11:07,11:09,绍兴北,1,U,U
STOP,11:28,11:31,杭州东,5,U,U
PASS,11:36,11:36,J3,1,U,U
PASS,11:22,11:22,E2,1,U,U
STOP,11:48,11:51,桐乡,1,U,U
TERMINAL,12:27,12:42,上海虹桥,3,U,U
PASS,12:20,12:20,J4,1,U,U
TRAIN,G1632,上海虹桥,crh380a,G,TO_MAIN_TERMINAL,17道(1)折返G1659@1257
INITIAL,7:44,7:59,福州,1,U,U
STOP,10:24,10:31,衢州,1,U,U
STOP,11:04,11:07,义乌,1,U,U
STOP,11:40,11:42,杭州东,1,U,U
PASS,11:47,11:47,J3,1,U,U
PASS,11:34,11:34,E2,1,U,U
PASS,11:53,11:53,海宁西,1,U,U
STOP,12:05,12:07,嘉兴南,1,U,U
TERMINAL,12:35,12:46,上海虹桥,1,U,U
PASS,12:28,12:28,J4,1,U,U
TRAIN,G1344,上海虹桥,crh3c,G,TO_MAIN_TERMINAL,14道(3)折返G1353@1325
INITIAL,7:15,7:30,长沙南,1,U,U
STOP,7:59,8:01,萍乡北,1,U,U
STOP,8:29,8:31,新余北,1,U,U
STOP,9:03,9:09,南昌西,1,U,U
STOP,10:35,10:37,江山,1,U,U
STOP,11:04,11:06,金华,1,U,U
STOP,11:50,11:54,杭州东,5,U,U
PASS,11:59,11:59,J3,1,U,U
PASS,11:44,11:44,E2,1,U,U
STOP,12:07,12:09,海宁西,1,U,U
STOP,12:24,12:26,嘉兴南,1,U,U
TERMINAL,12:54,13:09,上海虹桥,3,U,U
PASS,12:47,12:47,J4,1,U,U
TRAIN,G7540,上海虹桥,crh380c,G,TO_MAIN_TERMINAL,6道(4)折返G7515@1400*
INITIAL,8:06,8:21,苍南,1,U,U
STOP,8:36,8:38,瑞安,1,U,U
STOP,8:51,9:00,温州南,1,U,U
STOP,9:15,9:17,乐清,1,U,U
STOP,9:34,9:36,雁荡山,1,U,U
STOP,9:47,9:49,温岭,1,U,U
STOP,10:00,10:02,台州,1,U,U
STOP,10:31,10:33,宁海,1,U,U
STOP,11:04,11:07,宁波,1,U,U
STOP,11:39,11:41,绍兴北,1,U,U
STOP,12:00,12:02,杭州东,1,U,U
PASS,12:07,12:07,J3,1,U,U
PASS,11:54,11:54,E2,1,U,U
STOP,12:12,12:14,余杭,1,U,U
STOP,12:32,12:34,嘉兴南,1,U,U
STOP,12:52,12:54,松江南,1,U,U
TERMINAL,13:08,13:23,上海虹桥,4,U,U
PASS,13:01,13:01,J4,1,U,U
TRAIN,G1346,上海虹桥,crh380b,G,TO_MAIN_TERMINAL,16道(1)折返G1355@1347
INITIAL,7:45,8:00,长沙南,1,U,U
STOP,8:24,8:26,醴陵东,1,U,U
STOP,8:36,8:38,萍乡北,1,U,U
STOP,9:33,9:36,南昌西,1,U,U
STOP,11:08,11:10,衢州,1,U,U
STOP,11:42,11:44,义乌,1,U,U
STOP,12:17,12:19,杭州东,3,U,U
PASS,12:24,12:24,J3,1,U,U
PASS,12:11,12:11,E2,1,U,U
STOP,12:36,12:38,桐乡,1,U,U
STOP,12:53,12:55,嘉善南,1,U,U
TERMINAL,13:18,13:32,上海虹桥,1,U,U
PASS,13:11,13:11,J4,1,U,U
TRAIN,G7510,上海虹桥,crh380c,G,TO_MAIN_TERMINAL,17道(1)->5折返G7539@1415*
INITIAL,11:09,11:24,宁波,1,U,U
STOP,11:43,11:45,余姚北,1,U,U
STOP,12:03,12:05,绍兴北,1,U,U
STOP,12:24,12:26,杭州东,1,U,U
PASS,12:31,12:31,J3,1,U,U
PASS,12:18,12:18,E2,1,U,U
STOP,12:39,12:41,海宁西,1,U,U
STOP,12:56,12:59,嘉兴南,1,U,U
TERMINAL,13:27,13:42,上海虹桥,5,U,U
PASS,13:20,13:20,J4,1,U,U
TRAIN,D382,上海虹桥,crh1a-a,D,TO_MAIN_TERMINAL,2道(2)->8折返D381@1445*
INITIAL,7:22,7:37,福州南,1,U,U
STOP,8:14,8:16,宁德,1,U,U
STOP,8:38,8:40,霞浦,1,U,U
STOP,9:00,9:02,福鼎,1,U,U
STOP,9:29,9:31,瑞安,1,U,U
STOP,9:42,9:44,温州南,1,U,U
STOP,10:05,10:07,绅坊,1,U,U
STOP,10:33,10:35,台州,1,U,U
STOP,11:29,11:33,宁波,1,U,U
STOP,11:53,11:55,余姚北,1,U,U
STOP,12:07,12:09,绍兴东,1,U,U
STOP,12:36,12:38,杭州东,3,U,U
PASS,12:43,12:43,J3,1,U,U
PASS,12:30,12:30,E2,1,U,U
STOP,13:02,13:04,嘉兴南,3,U,U
STOP,13:18,13:27,金山北,1,U,U
STOP,13:36,13:39,松江南,1,U,U
TERMINAL,13:54,14:09,上海虹桥,8,U,U
PASS,13:47,13:47,J4,1,U,U
TRAIN,G1634,上海虹桥,crh380a,G,TO_MAIN_TERMINAL,4道(4)->6折返G1635@1435*
INITIAL,8:46,9:01,福州,1,U,U
STOP,9:20,9:22,闽清北,1,U,U
STOP,9:42,9:44,南平北,1,U,U
STOP,10:18,10:20,武夷山北,1,U,U
STOP,11:20,11:22,江山,1,U,U
STOP,11:50,11:52,金华,1,U,U
STOP,12:18,12:20,诸暨,1,U,U
STOP,12:43,12:45,杭州东,1,U,U
PASS,12:50,12:50,J3,1,U,U
PASS,12:37,12:37,E2,1,U,U
STOP,12:55,12:57,余杭,1,U,U
TERMINAL,13:37,13:52,上海虹桥,6,U,U
PASS,13:30,13:30,J4,1,U,U
TRAIN,G1348,上海虹桥,crh3c,G,TO_MAIN_TERMINAL,19道(1)->7折返G1357@1501*
INITIAL,8:45,9:00,长沙南,1,U,U
STOP,9:29,9:31,萍乡北,1,U,U
STOP,12:07,12:09,金华,1,U,U
STOP,12:53,12:55,杭州东,5,U,U
PASS,13:00,13:00,J3,1,U,U
PASS,12:47,12:47,E2,1,U,U
TERMINAL,13:41,13:56,上海虹桥,7,U,U
PASS,13:34,13:34,J4,1,U,U
TRAIN,D3102,上海虹桥,crh1a-a,D,TO_MAIN_TERMINAL,16道(1)折返D3101@1508*
INITIAL,7:25,7:40,福州,1,U,U
STOP,8:24,8:26,宁德,1,U,U
STOP,8:38,8:40,福安,1,U,U
STOP,9:04,9:06,太姥山,1,U,U
STOP,9:15,9:17,福鼎,1,U,U
STOP,9:52,9:55,温州南,1,U,U
STOP,10:38,10:40,台州,1,U,U
STOP,11:20,11:22,奉化,1,U,U
STOP,11:40,11:49,宁波,1,U,U
STOP,12:09,12:14,余姚北,1,U,U
STOP,12:33,12:39,绍兴北,1,U,U
STOP,12:59,13:01,杭州东,3,U,U
PASS,13:06,13:06,J3,1,U,U
PASS,12:53,12:53,E2,1,U,U
STOP,13:18,13:20,桐乡,1,U,U
STOP,13:35,13:47,嘉善南,1,U,U
TERMINAL,14:14,14:29,上海虹桥,1,U,U
PASS,14:07,14:07,J4,1,U,U
TRAIN,G1584,常州北,crh380a,G,TO_OTHER_LINES,18道(1)
INITIAL,8:39,8:54,九江,1,U,U
STOP,9:05,9:07,庐山,1,U,U
STOP,9:23,9:25,共青城,1,U,U
STOP,9:54,10:00,南昌,1,U,U
STOP,10:41,10:43,鹰潭北,1,U,U
STOP,11:09,11:12,上饶,1,U,U
STOP,11:56,11:58,衢州,1,U,U
STOP,12:30,12:32,义乌,1,U,U
STOP,13:04,13:07,杭州东,1,U,U
PASS,13:12,13:12,J3,1,U,U
PASS,12:58,12:58,E2,1,U,U
STOP,13:20,13:22,海宁西,1,U,U
STOP,13:59,14:05,上海虹桥,1,U,U
PASS,13:52,13:52,J4,1,U,U
PASS,14:10,14:10,E3,1,U,U
STOP,14:36,14:54,无锡东,1,U,U
TERMINAL,15:12,15:27,常州北,1,U,U
TRAIN,G7348,上海虹桥,cr400bf,G,TO_MAIN_TERMINAL,15道(3)折返G7347@1425
INITIAL,11:04,11:19,丽水,1,U,U
STOP,11:31,11:33,缙云西,1,U,U
STOP,11:44,11:46,永康南,1,U,U
STOP,12:19,12:25,义乌,1,U,U
STOP,12:39,12:46,诸暨,1,U,U
STOP,13:09,13:12,杭州东,5,U,U
PASS,13:17,13:17,J3,1,U,U
PASS,13:03,13:03,E2,1,U,U
STOP,13:22,13:24,余杭,1,U,U
TERMINAL,14:04,14:14,上海虹桥,3,U,U
PASS,13:57,13:57,J4,1,U,U
TRAIN,G7512,上海虹桥,crh380d,G,TO_MAIN_TERMINAL,17道(1)->9折返G7517@1456
INITIAL,12:13,12:28,宁波,1,U,U
STOP,13:00,13:02,绍兴北,1,U,U
STOP,13:21,13:23,杭州东,1,U,U
PASS,13:28,13:28,J3,1,U,U
PASS,13:15,13:15,E2,1,U,U
STOP,13:40,13:42,桐乡,1,U,U
STOP,13:53,13:55,嘉兴南,1,U,U
STOP,14:09,14:18,金山北,1,U,U
TERMINAL,14:37,14:46,上海虹桥,9,U,U
PASS,14:30,14:30,J4,1,U,U
TRAIN,G7356,常州,crh2c1,G,TO_OTHER_LINES,20道OK
INITIAL,12:01,12:16,衢州,1,U,U
STOP,12:37,12:40,金华,1,U,U
STOP,12:56,12:59,义乌,1,U,U
STOP,13:32,13:34,杭州东,3,U,U
PASS,13:39,13:39,J3,1,U,U
PASS,13:26,13:26,E2,1,U,U
STOP,13:51,13:53,桐乡,1,U,U
STOP,14:28,14:30,上海虹桥2,20,U,U
PASS,14:21,14:21,J4,1,U,U
PASS,14:23,14:23,J5,1,U,U
PASS,14:35,14:35,E4,1,U,U
STOP,14:55,14:57,苏州,1,U,U
STOP,15:12,15:14,无锡,1,U,U
STOP,15:26,15:28,戚墅堰,1,U,U
TERMINAL,15:37,15:52,常州,1,U,U
TRAIN,D3104,上海虹桥,crh1a-a,D,TO_MAIN_TERMINAL,11道(5)折返D3103@1557
INITIAL,7:35,7:50,莆田,1,U,U
STOP,8:09,8:11,福清,1,U,U
STOP,8:26,8:30,福州南,1,U,U
STOP,8:49,8:51,连江,1,U,U
STOP,9:06,9:08,罗源,1,U,U
STOP,9:48,9:50,太姥山,1,U,U
STOP,10:17,10:19,鳌江,1,U,U
STOP,10:36,10:38,温州南,1,U,U
STOP,10:47,10:49,永嘉,1,U,U
STOP,11:19,11:21,温岭,1,U,U
STOP,11:40,11:42,临海,1,U,U
STOP,12:30,12:34,宁波,1,U,U
STOP,12:54,12:56,余姚北,1,U,U
STOP,13:15,13:17,绍兴北,1,U,U
STOP,13:37,13:39,杭州东,5,U,U
PASS,13:44,13:44,J3,1,U,U
PASS,13:31,13:31,E2,1,U,U
STOP,13:51,14:01,海宁西,1,U,U
STOP,14:17,14:24,嘉兴南,1,U,U
STOP,14:32,14:39,嘉善南,1,U,U
STOP,14:49,14:51,金山北,1,U,U
STOP,15:00,15:09,松江南,1,U,U
TERMINAL,15:24,15:40,上海虹桥,5,U,U
PASS,15:17,15:17,J4,1,U,U
TRAIN,G1652,上海虹桥,crh380a,G,TO_MAIN_TERMINAL,3道(2)折返G1637@1513
INITIAL,9:06,9:21,厦门北,1,U,U
STOP,10:45,10:51,福州,1,U,U
STOP,13:41,13:44,杭州东,1,U,U
PASS,13:49,13:49,J3,1,U,U
PASS,13:35,13:35,E2,1,U,U
TERMINAL,14:32,14:52,上海虹桥,2,U,U
PASS,14:25,14:25,J4,1,U,U
TRAIN,G1350,上海虹桥,cr400af,G,TO_MAIN_TERMINAL,18道(1)折返G1305@1525
INITIAL,9:12,9:27,长沙南,1,U,U
STOP,9:56,9:58,萍乡北,1,U,U
STOP,10:16,10:18,宜春,1,U,U
STOP,12:54,13:03,金华,1,U,U
STOP,13:46,13:49,杭州东,3,U,U
PASS,13:54,13:54,J3,1,U,U
PASS,13:40,13:40,E2,1,U,U
PASS,13:59,13:59,海宁西,1,U,U
STOP,14:12,14:14,嘉兴南,3,U,U
STOP,14:32,14:39,松江南,1,U,U
TERMINAL,14:54,15:09,上海虹桥,1,U,U
PASS,14:47,14:47,J4,1,U,U
TRAIN,G7334,上海虹桥,crh380b,G,TO_MAIN_TERMINAL,8道(6)折返G7337@1532
INITIAL,11:09,11:24,温州南,1,U,U
STOP,11:58,12:00,丽水,1,U,U
STOP,12:13,12:15,缙云西,1,U,U
STOP,12:26,12:28,永康南,1,U,U
STOP,12:46,12:48,金华南,1,U,U
STOP,13:06,13:18,义乌,1,U,U
STOP,13:50,13:54,杭州东,5,U,U
PASS,13:59,13:59,J3,1,U,U
PASS,13:44,13:44,E2,1,U,U
STOP,14:07,14:14,海宁西,1,U,U
STOP,14:23,14:25,桐乡,1,U,U
STOP,14:49,14:53,松江南,1,U,U
TERMINAL,15:08,15:20,上海虹桥,6,U,U
PASS,15:01,15:01,J4,1,U,U
TRAIN,G86,上海虹桥,cr400af,G,TO_MAIN_TERMINAL,14道(3)折返G1359@1537*
INITIAL,7:45,8:00,广州南,1,U,U
STOP,10:21,10:24,长沙南,1,U,U
STOP,14:00,14:02,杭州东,1,U,U
PASS,14:07,14:07,J3,1,U,U
PASS,13:54,13:54,E2,1,U,U
PASS,14:12,14:12,海宁西,1,U,U
PASS,14:23,14:23,嘉兴南,1,U,U
TERMINAL,14:50,15:05,上海虹桥,3,U,U
PASS,14:43,14:43,J4,1,U,U
TRAIN,G7542,上海虹桥,crh380d,G,TO_MAIN_TERMINAL,5道(4)折返G7545@15.47
INITIAL,11:37,11:52,台州,1,U,U
STOP,12:03,12:05,临海,1,U,U
STOP,12:27,12:29,宁海,1,U,U
STOP,12:59,13:05,宁波,1,U,U
STOP,13:24,13:26,余姚北,1,U,U
STOP,13:44,13:46,绍兴北,1,U,U
STOP,14:05,14:09,杭州东,3,U,U
PASS,14:14,14:14,J3,1,U,U
PASS,13:59,13:59,E2,1,U,U
STOP,14:19,14:21,余杭,1,U,U
STOP,14:39,14:41,嘉兴南,1,U,U
STOP,14:50,14:52,嘉善南,1,U,U
TERMINAL,15:16,15:31,上海虹桥,4,U,U
PASS,15:09,15:09,J4,1,U,U
TRAIN,G7514,上海虹桥,crh380b,G,TO_MAIN_TERMINAL,17道(1)->7折返G7519@15.52
INITIAL,12:59,13:14,宁波,1,U,U
STOP,13:33,13:35,余姚北,1,U,U
STOP,13:53,13:55,绍兴北,1,U,U
STOP,14:14,14:19,杭州东,5,U,U
PASS,14:24,14:24,J3,1,U,U
PASS,14:08,14:08,E2,1,U,U
STOP,14:36,14:38,桐乡,1,U,U
STOP,14:49,14:52,嘉兴南,1,U,U
TERMINAL,15:20,15:36,上海虹桥,7,U,U
PASS,15:13,15:13,J4,1,U,U
TRAIN,G7546,上海虹桥,crh380b,G,TO_MAIN_TERMINAL,16道(1)折返G7309@16.22*
INITIAL,11:05,11:20,温州南,1,U,U
STOP,11:35,11:37,乐清,1,U,U
STOP,11:53,11:55,雁荡山,1,U,U
STOP,12:07,12:09,温岭,1,U,U
STOP,12:20,12:22,台州,1,U,U
STOP,12:41,12:43,三门县,1,U,U
STOP,13:24,13:26,宁波,1,U,U
STOP,13:45,13:47,余姚北,1,U,U
STOP,13:59,14:01,绍兴东,1,U,U
STOP,14:26,14:31,杭州东,3,U,U
PASS,14:36,14:36,J3,1,U,U
PASS,14:20,14:20,E2,1,U,U
STOP,14:44,14:46,海宁西,1,U,U
STOP,15:05,15:07,嘉善南,1,U,U
TERMINAL,15:32,15:47,上海虹桥,1,U,U
PASS,15:25,15:25,J4,1,U,U
TRAIN,G7322,上海虹桥,crh380b,G,TO_MAIN_TERMINAL,14道(3)折返G7321@16.17
INITIAL,11:53,12:08,苍南,1,U,U
STOP,12:31,12:34,温州南,1,U,U
STOP,13:08,13:10,丽水,1,U,U
STOP,13:30,13:32,永康南,1,U,U
STOP,13:50,13:53,金华南,1,U,U
STOP,14:40,14:44,杭州东,5,U,U
PASS,14:49,14:49,J3,1,U,U
PASS,14:34,14:34,E2,1,U,U
STOP,15:01,15:03,桐乡,1,U,U
STOP,15:23,15:26,金山北,1,U,U
TERMINAL,15:44,16:00,上海虹桥,3,U,U
PASS,15:37,15:37,J4,1,U,U
TRAIN,G7308,上海虹桥,crh380d,G,TO_MAIN_TERMINAL,18道(1)->6折返G7365@16.07
INITIAL,14:44,14:52,杭州,3,U,U
PASS,14:59,14:59,J2,1,U,U
PASS,15:04,15:04,J3,1,U,U
STOP,15:15,15:17,桐乡,1,U,U
TERMINAL,15:51,15:59,上海虹桥,6,U,U
PASS,15:44,15:44,J4,1,U,U
TRAIN,D3142,南京,crh2a,D,TO_OTHER_LINES,20道OK
INITIAL,6:44,6:59,龙岩,1,U,U
STOP,7:30,7:32,南靖,1,U,U
STOP,8:02,8:06,厦门北,1,U,U
STOP,8:24,8:26,晋江,1,U,U
STOP,8:38,8:40,泉州,1,U,U
STOP,9:05,9:08,莆田,1,U,U
STOP,9:27,9:29,福清,1,U,U
STOP,9:44,9:48,福州南,1,U,U
STOP,10:43,10:45,霞浦,1,U,U
STOP,11:00,11:02,太姥山,1,U,U
STOP,11:34,11:36,瑞安,1,U,U
STOP,11:48,11:50,温州南,1,U,U
STOP,12:05,12:07,乐清,1,U,U
STOP,12:31,12:33,温岭,1,U,U
STOP,12:59,13:01,三门县,1,U,U
STOP,13:41,13:45,宁波,1,U,U
STOP,14:05,14:10,余姚北,1,U,U
STOP,14:22,14:24,绍兴东,1,U,U
STOP,14:51,14:54,杭州东,1,U,U
PASS,14:59,14:59,J3,1,U,U
PASS,14:45,14:45,E2,1,U,U
STOP,15:22,15:31,嘉善南,1,U,U
STOP,15:59,16:01,上海虹桥2,20,U,U
PASS,15:52,15:52,J4,1,U,U
PASS,15:54,15:54,J5,1,U,U
PASS,16:06,16:06,E4,1,U,U
STOP,16:21,16:23,昆山南,1,U,U
STOP,16:36,16:38,苏州,1,U,U
STOP,16:54,16:56,无锡,1,U,U
STOP,17:11,17:13,常州,1,U,U
STOP,17:29,17:31,丹阳,1,U,U
STOP,17:43,17:45,镇江,1,U,U
TERMINAL,18:08,18:23,南京,1,U,U
TRAIN,G7592,安庆,crh380b,G,TO_OTHER_LINES,20道OK
INITIAL,12:28,12:43,温州南,1,U,U
STOP,13:02,13:04,青田,1,U,U
STOP,13:23,13:25,丽水,1,U,U
STOP,13:52,13:54,武义北,1,U,U
STOP,14:05,14:07,金华南,1,U,U
STOP,14:25,14:27,义乌,1,U,U
STOP,14:59,15:01,杭州东,5,U,U
PASS,15:06,15:06,J3,1,U,U
PASS,14:53,14:53,E2,1,U,U
STOP,15:14,15:16,海宁西,1,U,U
STOP,15:31,15:37,嘉兴南,1,U,U
STOP,15:46,15:48,嘉善南,1,U,U
STOP,16:02,16:05,松江南,1,U,U
STOP,16:21,16:25,上海虹桥2,20,U,U
PASS,16:14,16:14,J4,1,U,U
PASS,16:16,16:16,J5,1,U,U
PASS,16:30,16:30,E4,1,U,U
STOP,16:44,16:46,昆山南,1,U,U
STOP,16:57,16:59,苏州,1,U,U
STOP,17:11,17:13,无锡新区,1,U,U
STOP,17:21,17:23,无锡,1,U,U
STOP,17:37,17:39,常州,1,U,U
STOP,17:55,18:00,丹阳,1,U,U
STOP,18:12,18:15,镇江,1,U,U
STOP,18:41,18:44,南京南,1,U,U
STOP,18:56,18:58,江宁西,1,U,U
STOP,19:07,19:09,马鞍山东,1,U,U
STOP,19:27,19:29,芜湖,1,U,U
STOP,19:49,19:51,繁昌西,1,U,U
STOP,20:07,20:09,铜陵,1,U,U
STOP,20:29,20:31,池州,1,U,U
TERMINAL,20:50,21:05,安庆,1,U,U
TRAIN,G1352,上海虹桥,crh3c,G,TO_MAIN_TERMINAL,17道(1)折返G1361@16.42
INITIAL,10:15,10:30,长沙南,1,U,U
STOP,10:54,10:56,醴陵东,1,U,U
STOP,11:29,11:31,新余北,1,U,U
STOP,12:03,12:07,南昌西,1,U,U
STOP,12:25,12:27,进贤南,1,U,U
STOP,13:41,13:44,江山,1,U,U
STOP,14:12,14:14,金华,1,U,U
STOP,14:30,14:32,义乌,1,U,U
STOP,14:47,14:49,诸暨,1,U,U
STOP,15:12,15:14,杭州东,3,U,U
PASS,15:19,15:19,J3,1,U,U
PASS,15:06,15:06,E2,1,U,U
STOP,15:46,15:48,金山北,1,U,U
TERMINAL,16:06,16:24,上海虹桥,1,U,U
PASS,15:59,15:59,J4,1,U,U
TRAIN,G7516,上海虹桥,crh380b,G,TO_MAIN_TERMINAL,15道(3)折返G7521@16.47
INITIAL,11:31,11:46,苍南,1,U,U
STOP,11:56,11:58,鳌江,1,U,U
STOP,12:15,12:17,温州南,1,U,U
STOP,12:52,12:54,温岭,1,U,U
STOP,13:05,13:07,台州,1,U,U
STOP,13:18,13:20,临海,1,U,U
STOP,13:42,13:44,宁海,1,U,U
STOP,14:14,14:17,宁波,1,U,U
STOP,14:43,14:45,绍兴东,1,U,U
STOP,14:56,14:58,绍兴北,1,U,U
STOP,15:17,15:19,杭州东,1,U,U
PASS,15:24,15:24,J3,1,U,U
PASS,15:11,15:11,E2,1,U,U
STOP,15:36,15:38,桐乡,1,U,U
STOP,15:49,15:51,嘉兴南,1,U,U
STOP,16:05,16:10,金山北,1,U,U
TERMINAL,16:29,16:38,上海虹桥,3,U,U
PASS,16:22,16:22,J4,1,U,U
TRAIN,G7326,上海虹桥,crh380b,G,TO_MAIN_TERMINAL,(5)
INITIAL,12:48,13:03,温州南,1,U,U
STOP,13:22,13:24,青田,1,U,U
STOP,13:43,13:45,丽水,1,U,U
STOP,13:58,14:00,缙云西,1,U,U
STOP,14:18,14:22,武义北,1,U,U
STOP,14:48,14:50,义乌,1,U,U
STOP,15:22,15:24,杭州东,5,U,U
PASS,15:29,15:29,J3,1,U,U
PASS,15:16,15:16,E2,1,U,U
STOP,15:34,15:36,余杭,1,U,U
STOP,15:54,15:56,嘉兴南,3,U,U
TERMINAL,16:25,16:40,上海虹桥,5,U,U
PASS,16:18,16:18,J4,1,U,U
TRAIN,G1370,上海虹桥,crh3c,G,TO_MAIN_TERMINAL,16道(1)->7折返G1363@17.09
INITIAL,9:05,9:20,怀化南,1,U,U
STOP,9:52,9:54,新化南,1,U,U
STOP,10:18,10:20,娄底南,1,U,U
STOP,10:46,10:48,湘潭北,1,U,U
STOP,11:01,11:05,长沙南,1,U,U
STOP,11:47,11:49,宜春,1,U,U
STOP,12:31,12:35,南昌西,1,U,U
STOP,12:53,12:55,进贤南,1,U,U
STOP,14:17,14:19,衢州,1,U,U
STOP,14:40,14:42,金华,1,U,U
STOP,14:58,15:00,义乌,1,U,U
STOP,15:33,15:35,杭州东,3,U,U
PASS,15:40,15:40,J3,1,U,U
PASS,15:27,15:27,E2,1,U,U
STOP,15:52,15:54,桐乡,1,U,U
STOP,16:09,16:15,嘉善南,1,U,U
TERMINAL,16:38,16:53,上海虹桥,7,U,U
PASS,16:31,16:31,J4,1,U,U
TRAIN,G7360,上海,crh380d,G,TO_SUB_TERMINAL,20道OK
INITIAL,15:25,15:37,杭州,3,U,U
PASS,15:44,15:44,J2,1,U,U
PASS,15:49,15:49,J3,1,U,U
STOP,15:53,15:55,余杭,1,U,U
STOP,16:13,16:15,嘉兴南,1,U,U
STOP,16:33,16:35,松江南,1,U,U
STOP,16:50,16:53,上海虹桥2,20,U,U
PASS,16:43,16:43,J4,1,U,U
PASS,16:45,16:45,J5,1,U,U
PASS,16:58,16:58,E4,1,U,U
TERMINAL,17:21,17:36,上海,1,U,U
TRAIN,G7376,合肥南,crh2c1,G,TO_OTHER_LINES,20道OK
INITIAL,13:56,14:11,江山,1,U,U
STOP,14:22,14:24,衢州,1,U,U
STOP,14:45,14:47,金华,1,U,U
STOP,15:03,15:05,义乌,1,U,U
STOP,15:38,15:40,杭州东,5,U,U
PASS,15:45,15:45,J3,1,U,U
PASS,15:32,15:32,E2,1,U,U
STOP,15:53,15:55,海宁西,1,U,U
STOP,16:34,16:36,上海虹桥2,20,U,U
PASS,16:27,16:27,J4,1,U,U
PASS,16:29,16:29,J5,1,U,U
PASS,16:41,16:41,E4,1,U,U
STOP,17:00,17:02,苏州园区,1,U,U
STOP,17:08,17:10,苏州,1,U,U
STOP,17:22,17:24,无锡新区,1,U,U
STOP,17:42,17:44,常州,1,U,U
STOP,18:08,18:10,镇江,1,U,U
STOP,18:37,18:40,南京南,1,U,U
STOP,19:00,19:02,全椒,1,U,U
TERMINAL,19:38,19:53,合肥南,1,U,U
TRAIN,G7319,上海虹桥,cr400bf,G,TO_MAIN_TERMINAL,拆分自G7318
INITIAL,14:08,14:23,宜兴,1,U,U
STOP,14:35,14:40,长兴,1,U,U
STOP,14:50,14:53,湖州,1,U,U
STOP,15:06,15:12,德清,1,U,U
PASS,15:19,15:19,J1,1,D,D
PASS,15:17,15:17,E1,1,D,D
TERMINAL,15:31,15:42,杭州,4,D,U
TRAIN,G7318,上海虹桥,cr400bf,G,TO_MAIN_TERMINAL,3道(2)->8折返G7311@17.27
INITIAL,15:42,15:53,杭州,4,D,U
PASS,16:00,16:00,J2,1,U,U
PASS,16:05,16:05,J3,1,U,U
STOP,16:22,16:25,嘉兴南,1,U,U
STOP,16:34,16:36,嘉善南,1,U,U
TERMINAL,16:59,17:13,上海虹桥,8,U,U
PASS,16:52,16:52,J4,1,U,U
TRAIN,G1636,上海虹桥,crh380a,G,TO_MAIN_TERMINAL,5道(4)折返G1639@17.22
INITIAL,12:11,12:26,福州,1,U,U
STOP,12:51,12:53,古田北,1,U,U
STOP,14:47,14:49,龙游,1,U,U
STOP,15:04,15:06,金华,1,U,U
STOP,15:50,15:54,杭州东,1,U,U
PASS,15:59,15:59,J3,1,U,U
PASS,15:44,15:44,E2,1,U,U
STOP,16:17,16:20,嘉兴南,3,U,U
STOP,16:34,16:36,金山北,1,U,U
TERMINAL,16:55,17:08,上海虹桥,4,U,U
PASS,16:48,16:48,J4,1,U,U
TRAIN,G1354,上海虹桥,crh3c,G,TO_MAIN_TERMINAL,15道(3)折返G1365@17.38
INITIAL,11:25,11:40,长沙南,1,U,U
STOP,12:09,12:11,萍乡北,1,U,U
STOP,12:39,12:41,新余北,1,U,U
STOP,13:13,13:19,南昌西,1,U,U
STOP,15:09,15:11,金华,1,U,U
STOP,15:27,15:29,义乌,1,U,U
STOP,16:01,16:03,杭州东,5,U,U
PASS,16:08,16:08,J3,1,U,U
PASS,15:55,15:55,E2,1,U,U
STOP,16:13,16:15,余杭,1,U,U
STOP,16:33,16:35,嘉兴南,1,U,U
TERMINAL,17:03,17:20,上海虹桥,3,U,U
PASS,16:56,16:56,J4,1,U,U
TRAIN,G44,北京南,crh380c,G,TO_LONG_DISTANCE,19道(1)
INITIAL,15:59,16:15,杭州东,6,U,U
PASS,16:20,16:20,J3,1,U,U
STOP,16:38,16:40,嘉兴南,3,U,U
STOP,16:49,16:51,嘉善南,1,U,U
STOP,17:14,17:23,上海虹桥,1,U,U
PASS,17:07,17:07,J4,1,U,U
PASS,17:28,17:28,E3,1,U,U
STOP,17:46,17:48,苏州北,1,U,U
STOP,17:58,18:00,无锡东,1,U,U
STOP,18:30,18:32,镇江南,1,U,U
STOP,18:50,18:52,南京南,1,U,U
STOP,20:06,20:15,徐州东,1,U,U
STOP,20:33,20:35,枣庄,1,U,U
STOP,21:26,21:28,济南西,1,U,U
STOP,22:13,22:15,沧州西,1,U,U
TERMINAL,23:08,23:23,北京南,1,U,U
TRAIN,G1638,上海虹桥,crh380b,G,TO_MAIN_TERMINAL,4道(4)->6折返G1393@17.45
INITIAL,12:30,12:45,福州,1,U,U
STOP,13:19,13:21,南平北,1,U,U
STOP,15:08,15:10,衢州,1,U,U
STOP,15:43,15:45,义乌,1,U,U
STOP,16:17,16:21,杭州东,1,U,U
PASS,16:26,16:26,J3,1,U,U
PASS,16:11,16:11,E2,1,U,U
STOP,16:38,16:40,桐乡,1,U,U
STOP,16:51,16:53,嘉兴南,1,U,U
TERMINAL,17:21,17:33,上海虹桥,6,U,U
PASS,17:14,17:14,J4,1,U,U
TRAIN,G7518,上海虹桥,crh380b,G,TO_MAIN_TERMINAL,14道(3)->7折返G7525@17.58
INITIAL,15:13,15:28,宁波,1,U,U
STOP,15:47,15:49,余姚北,1,U,U
STOP,16:22,16:26,杭州东,3,U,U
PASS,16:31,16:31,J3,1,U,U
PASS,16:16,16:16,E2,1,U,U
STOP,16:39,16:41,海宁西,1,U,U
STOP,16:56,16:58,嘉兴南,3,U,U
TERMINAL,17:25,17:41,上海虹桥,7,U,U
PASS,17:18,17:18,J4,1,U,U
TRAIN,G1390,上海虹桥,crh380a,G,TO_MAIN_TERMINAL,17道(1)折返G1395@18.28*
INITIAL,13:28,13:43,南昌,1,U,U
STOP,14:06,14:08,进贤南,1,U,U
STOP,15:55,15:59,义乌,1,U,U
STOP,16:32,16:36,杭州东,1,U,U
PASS,16:41,16:41,J3,1,U,U
PASS,16:26,16:26,E2,1,U,U
STOP,17:00,17:03,嘉兴南,1,U,U
STOP,17:12,17:14,嘉善南,1,U,U
TERMINAL,17:37,17:52,上海虹桥,1,U,U
PASS,17:30,17:30,J4,1,U,U
TRAIN,D3136,南京,crh2b,D,TO_OTHER_LINES,20道OK
INITIAL,6:02,6:17,赣州,1,U,U
STOP,7:17,7:19,长汀南,1,U,U
STOP,7:37,7:39,冠豸山,1,U,U
STOP,7:56,7:58,古田会址,1,U,U
STOP,8:13,8:18,龙岩,1,U,U
STOP,8:51,8:55,南靖,1,U,U
STOP,9:10,9:12,漳州,1,U,U
STOP,9:32,9:34,厦门北,1,U,U
STOP,9:52,9:54,晋江,1,U,U
STOP,10:05,10:07,泉州,1,U,U
STOP,10:32,10:34,莆田,1,U,U
STOP,10:44,10:46,涵江,1,U,U
STOP,11:10,11:19,福州南,1,U,U
STOP,11:56,11:58,宁德,1,U,U
STOP,12:10,12:12,福安,1,U,U
STOP,12:42,12:44,福鼎,1,U,U
STOP,13:06,13:08,鳌江,1,U,U
STOP,13:25,13:27,温州南,1,U,U
STOP,13:37,13:39,永嘉,1,U,U
STOP,14:08,14:10,温岭,1,U,U
STOP,14:21,14:23,台州,1,U,U
STOP,15:18,15:22,宁波,1,U,U
STOP,16:00,16:06,绍兴北,1,U,U
STOP,16:26,16:41,杭州东,5,U,U
PASS,16:46,16:46,J3,1,U,U
PASS,16:20,16:20,E2,1,U,U
STOP,16:58,17:00,桐乡,1,U,U
STOP,17:11,17:13,嘉兴南,1,U,U
STOP,17:42,17:45,上海虹桥2,20,U,U
PASS,17:35,17:35,J4,1,U,U
PASS,17:37,17:37,J5,1,U,U
PASS,17:50,17:50,E4,1,U,U
STOP,18:04,18:06,昆山南,1,U,U
STOP,18:16,18:39,苏州园区,1,U,U
STOP,18:46,18:48,苏州,1,U,U
STOP,19:04,19:06,无锡,1,U,U
STOP,19:14,19:16,惠山,1,U,U
STOP,19:27,19:33,常州,1,U,U
STOP,19:49,19:51,丹阳,1,U,U
STOP,20:03,20:05,镇江,1,U,U
TERMINAL,20:28,20:43,南京,1,U,U
TRAIN,D3208,上海虹桥,crh2a-t,D,TO_MAIN_TERMINAL,13道(3)折返D3321@18.41
INITIAL,9:41,9:56,厦门北,1,U,U
STOP,10:28,10:30,惠安,1,U,U
STOP,10:42,10:44,仙游,1,U,U
STOP,11:21,11:30,福州南,1,U,U
STOP,11:50,11:52,连江,1,U,U
STOP,12:14,12:16,宁德,1,U,U
STOP,12:54,12:56,福鼎,1,U,U
STOP,13:11,13:13,苍南,1,U,U
STOP,13:36,13:38,温州南,1,U,U
STOP,13:59,14:01,绅坊,1,U,U
STOP,14:27,14:29,台州,1,U,U
STOP,14:58,15:00,宁海,1,U,U
STOP,15:29,15:33,宁波,1,U,U
STOP,15:53,15:55,余姚北,1,U,U
STOP,16:07,16:12,绍兴东,1,U,U
STOP,16:23,16:26,绍兴北,1,U,U
STOP,16:46,16:48,杭州东,3,U,U
PASS,16:53,16:53,J3,1,U,U
PASS,16:40,16:40,E2,1,U,U
STOP,17:00,17:05,海宁西,1,U,U
STOP,17:21,17:23,嘉兴南,1,U,U
STOP,17:37,17:43,金山北,1,U,U
TERMINAL,18:05,18:23,上海虹桥,3,U,U
PASS,17:58,17:58,J4,1,U,U
TRAIN,G7336,上海虹桥,crh380b,G,TO_MAIN_TERMINAL,4道(4)折返G7339@18.35
INITIAL,13:43,13:58,苍南,1,U,U
STOP,14:08,14:10,鳌江,1,U,U
STOP,14:19,14:21,瑞安,1,U,U
STOP,14:34,14:36,温州南,1,U,U
STOP,14:55,14:57,青田,1,U,U
STOP,15:16,15:19,丽水,1,U,U
STOP,15:32,15:34,缙云西,1,U,U
STOP,16:14,16:16,义乌,1,U,U
STOP,16:50,16:53,杭州东,1,U,U
PASS,16:58,16:58,J3,1,U,U
PASS,16:44,16:44,E2,1,U,U
PASS,17:03,17:03,海宁西,1,U,U
STOP,17:16,17:18,嘉兴南,3,U,U
STOP,17:36,17:38,松江南,1,U,U
TERMINAL,17:52,18:13,上海虹桥,4,U,U
PASS,17:45,17:45,J4,1,U,U
TRAIN,G1510,上海虹桥,crh380b,G,TO_MAIN_TERMINAL,8道(6)折返G7381@19.11*
INITIAL,13:35,13:50,黄山北,1,U,U
STOP,14:11,14:14,婺源,1,U,U
STOP,14:25,14:28,德兴,1,U,U
STOP,16:07,16:09,金华,1,U,U
STOP,16:25,16:27,义乌,1,U,U
STOP,16:59,17:01,杭州东,5,U,U
PASS,17:06,17:06,J3,1,U,U
PASS,16:53,16:53,E2,1,U,U
STOP,17:25,17:28,嘉兴南,3,U,U
TERMINAL,17:56,18:11,上海虹桥,6,U,U
PASS,17:49,17:49,J4,1,U,U
TRAIN,G7600,徐州东,crh380b,G,TO_OTHER_LINES,14道(3)->5
INITIAL,13:47,14:02,温州南,1,U,U
STOP,14:17,14:19,乐清,1,U,U
STOP,14:50,14:52,台州,1,U,U
STOP,15:03,15:05,临海,1,U,U
STOP,15:53,15:56,宁波,1,U,U
STOP,16:19,16:22,余姚北,1,U,U
STOP,16:40,16:44,绍兴北,1,U,U
STOP,17:04,17:06,杭州东,3,U,U
PASS,17:11,17:11,J3,1,U,U
PASS,16:58,16:58,E2,1,U,U
STOP,17:23,17:25,桐乡,1,U,U
STOP,17:40,17:42,嘉善南,1,U,U
STOP,17:56,17:58,松江南,1,U,U
STOP,18:12,18:28,上海虹桥,5,U,U
PASS,18:05,18:05,J4,1,U,U
PASS,18:33,18:33,E3,1,U,U
STOP,18:45,18:47,昆山南,1,U,U
STOP,18:58,19:00,苏州北,1,U,U
STOP,19:10,19:12,无锡东,1,U,U
STOP,19:29,19:37,常州北,1,U,U
STOP,19:55,19:57,镇江南,1,U,U
STOP,20:17,20:21,南京南,1,U,U
STOP,20:39,20:45,滁州,1,U,U
STOP,21:14,21:16,蚌埠南,1,U,U
TERMINAL,21:57,22:12,徐州东,1,U,U
TRAIN,D3292,上海虹桥,crh2a-t,D,TO_MAIN_TERMINAL,14道(3)->5折返D3323@19.06
INITIAL,8:34,8:49,龙岩,1,U,U
STOP,9:20,9:22,南靖,1,U,U
STOP,9:37,9:39,漳州,1,U,U
STOP,9:50,9:54,角美,1,U,U
STOP,10:07,10:16,厦门北,1,U,U
STOP,10:41,10:43,泉州,1,U,U
STOP,11:01,11:03,仙游,1,U,U
STOP,11:20,11:22,涵江,1,U,U
STOP,11:35,11:43,福清,1,U,U
STOP,11:58,12:08,福州南,1,U,U
STOP,12:54,12:56,福安,1,U,U
STOP,13:20,13:22,太姥山,1,U,U
STOP,13:50,13:52,鳌江,1,U,U
STOP,14:01,14:03,瑞安,1,U,U
STOP,14:14,14:16,温州南,1,U,U
STOP,14:51,14:53,温岭,1,U,U
STOP,15:05,15:07,台州,1,U,U
STOP,16:02,16:06,宁波,1,U,U
STOP,16:26,16:28,余姚北,1,U,U
STOP,16:47,16:49,绍兴北,1,U,U
STOP,17:09,17:11,杭州东,1,U,U
PASS,17:16,17:16,J3,1,U,U
PASS,17:03,17:03,E2,1,U,U
STOP,17:23,17:25,海宁西,1,U,U
STOP,17:41,17:43,嘉兴南,1,U,U
STOP,17:56,17:58,金山北,1,U,U
STOP,18:07,18:22,松江南,1,U,U
TERMINAL,18:37,18:51,上海虹桥,5,U,U
PASS,18:30,18:30,J4,1,U,U
TRAIN,G1322,上海虹桥,crh380b,G,TO_MAIN_TERMINAL,(7)
INITIAL,8:52,9:07,贵阳北,1,U,U
STOP,9:45,9:47,凯里南,1,U,U
STOP,10:26,10:28,新晃西,1,U,U
STOP,10:45,10:47,芷江,1,U,U
STOP,10:59,11:02,怀化南,1,U,U
STOP,11:43,11:45,邵阳北,1,U,U
STOP,12:13,12:15,韶山南,1,U,U
STOP,12:29,12:31,湘潭北,1,U,U
STOP,12:44,12:49,长沙南,1,U,U
STOP,13:20,13:22,萍乡北,1,U,U
STOP,13:50,13:52,新余北,1,U,U
STOP,14:24,14:28,南昌西,1,U,U
STOP,16:01,16:03,衢州,1,U,U
STOP,16:37,16:39,义乌,1,U,U
STOP,17:14,17:16,杭州东,5,U,U
PASS,17:21,17:21,J3,1,U,U
PASS,17:08,17:08,E2,1,U,U
STOP,17:26,17:28,余杭,1,U,U
STOP,17:40,17:42,桐乡,1,U,U
STOP,17:57,17:59,嘉善南,1,U,U
TERMINAL,18:22,18:37,上海虹桥,7,U,U
PASS,18:15,18:15,J4,1,U,U
TRAIN,G7520,南京南,crh380c,G,TO_OTHER_LINES,20道OK
INITIAL,16:01,16:16,宁波,1,U,U
STOP,16:35,16:37,余姚北,1,U,U
STOP,16:55,17:00,绍兴北,1,U,U
STOP,17:19,17:25,杭州东,3,U,U
PASS,17:30,17:30,J3,1,U,U
PASS,17:13,17:13,E2,1,U,U
STOP,17:39,17:41,海宁西,1,U,U
STOP,17:56,17:58,嘉兴南,1,U,U
STOP,18:12,18:14,金山北,1,U,U
STOP,18:32,18:34,上海虹桥2,20,U,U
PASS,18:25,18:25,J4,1,U,U
PASS,18:27,18:27,J5,1,U,U
PASS,18:39,18:39,E4,1,U,U
STOP,18:53,18:55,昆山南,1,U,U
STOP,19:06,19:08,苏州,1,U,U
STOP,19:23,19:25,无锡,1,U,U
STOP,19:39,19:41,常州,1,U,U
STOP,19:57,19:59,丹阳,1,U,U
STOP,20:11,20:13,镇江,1,U,U
TERMINAL,20:40,20:55,南京南,1,U,U
TRAIN,D3126,南京,crh2b,D,TO_OTHER_LINES,20道OK
INITIAL,6:45,7:00,深圳北,1,U,U
STOP,7:22,7:24,深圳坪山,1,U,U
STOP,7:34,7:36,惠州南,1,U,U
STOP,8:23,8:25,陆丰,1,U,U
STOP,9:01,9:03,潮阳,1,U,U
STOP,9:19,9:22,潮汕,1,U,U
STOP,9:57,9:59,云霄,1,U,U
STOP,10:42,10:46,厦门北,1,U,U
STOP,11:11,11:13,泉州,1,U,U
STOP,11:38,11:40,莆田,1,U,U
STOP,12:10,12:14,福州南,1,U,U
STOP,12:34,12:36,连江,1,U,U
STOP,12:58,13:00,宁德,1,U,U
STOP,13:22,13:24,霞浦,1,U,U
STOP,14:01,14:03,鳌江,1,U,U
STOP,14:12,14:14,瑞安,1,U,U
STOP,14:26,14:28,温州南,1,U,U
STOP,14:43,14:45,乐清,1,U,U
STOP,15:09,15:11,温岭,1,U,U
STOP,16:13,16:21,宁波,1,U,U
STOP,16:41,16:43,余姚北,1,U,U
STOP,17:02,17:05,绍兴北,1,U,U
STOP,17:25,17:30,杭州东,1,U,U
PASS,17:35,17:35,J3,1,U,U
PASS,17:19,17:19,E2,1,U,U
STOP,17:39,17:41,余杭,1,U,U
STOP,17:53,17:55,桐乡,1,U,U
STOP,18:06,18:08,嘉兴南,1,U,U
STOP,18:16,18:18,嘉善南,1,U,U
STOP,18:43,18:47,上海虹桥2,20,U,U
PASS,18:36,18:36,J4,1,U,U
PASS,18:38,18:38,J5,1,U,U
PASS,18:52,18:52,E4,1,U,U
STOP,19:06,19:08,昆山南,1,U,U
STOP,19:14,19:30,阳澄湖,1,U,U
STOP,19:41,19:43,苏州,1,U,U
STOP,19:59,20:01,无锡,1,U,U
STOP,20:16,20:18,常州,1,U,U
STOP,20:33,20:35,丹阳,1,U,U
STOP,20:48,20:53,镇江,1,U,U
TERMINAL,21:16,21:31,南京,1,U,U
TRAIN,G7590,徐州东,crh380b,G,TO_OTHER_LINES,17道(1)
INITIAL,16:27,16:42,宁波,1,U,U
STOP,17:01,17:03,余姚北,1,U,U
STOP,17:22,17:24,绍兴北,1,U,U
STOP,17:43,17:48,杭州东,3,U,U
PASS,17:53,17:53,J3,1,U,U
PASS,17:37,17:37,E2,1,U,U
STOP,18:05,18:07,桐乡,1,U,U
STOP,18:18,18:20,嘉兴南,1,U,U
STOP,18:47,18:52,上海虹桥,1,U,U
PASS,18:40,18:40,J4,1,U,U
PASS,18:57,18:57,E3,1,U,U
STOP,19:09,19:15,昆山南,1,U,U
STOP,19:26,19:29,苏州北,1,U,U
STOP,19:39,19:45,无锡东,1,U,U
STOP,20:02,20:04,常州北,1,U,U
STOP,20:37,20:42,南京南,1,U,U
STOP,21:00,21:02,滁州,1,U,U
STOP,21:30,21:36,蚌埠南,1,U,U
STOP,21:59,22:01,宿州东,1,U,U
TERMINAL,22:21,22:36,徐州东,1,U,U
TRAIN,G7584,南京,crh2c1,G,TO_OTHER_LINES,20道OK
INITIAL,16:38,16:53,宁波,1,U,U
STOP,17:12,17:14,余姚北,1,U,U
STOP,17:32,17:34,绍兴北,1,U,U
STOP,17:53,17:55,杭州东,1,U,U
PASS,18:00,18:00,J3,1,U,U
PASS,17:47,17:47,E2,1,U,U
STOP,18:08,18:10,海宁西,1,U,U
STOP,18:25,18:27,嘉兴南,3,U,U
STOP,18:45,18:56,松江南,1,U,U
STOP,19:11,19:20,上海虹桥2,20,U,U
PASS,19:04,19:04,J4,1,U,U
PASS,19:06,19:06,J5,1,U,U
PASS,19:25,19:25,E4,1,U,U
STOP,19:39,19:42,昆山南,1,U,U
STOP,19:53,19:55,苏州,1,U,U
STOP,20:10,20:12,无锡,1,U,U
STOP,20:26,20:28,常州,1,U,U
STOP,20:44,20:46,丹阳,1,U,U
STOP,20:58,21:00,镇江,1,U,U
TERMINAL,21:21,21:36,南京,1,U,U
TRAIN,G7312,上海虹桥,crh380b,G,TO_MAIN_TERMINAL,5道(4)->8折返G7561@19.20
INITIAL,17:51,18:00,杭州,3,U,U
PASS,18:07,18:07,J2,1,U,U
PASS,18:12,18:12,J3,1,U,U
STOP,18:30,18:32,嘉兴南,1,U,U
TERMINAL,19:00,19:10,上海虹桥,8,U,U
PASS,18:53,18:53,J4,1,U,U
TRAIN,G1362,上海虹桥,crh380d,G,TO_MAIN_TERMINAL,
INITIAL,13:10,13:25,长沙南,1,U,U
STOP,14:17,14:19,新余北,1,U,U
STOP,14:41,14:43,高安,1,U,U
STOP,14:58,15:02,南昌西,1,U,U
STOP,15:20,15:22,进贤南,1,U,U
STOP,16:49,16:51,衢州,1,U,U
STOP,17:12,17:14,金华,1,U,U
STOP,17:30,17:33,义乌,1,U,U
STOP,18:06,18:11,杭州东,3,U,U
PASS,18:16,18:16,J3,1,U,U
PASS,18:00,18:00,E2,1,U,U
STOP,18:34,18:37,嘉兴南,3,U,U
TERMINAL,19:04,19:19,上海虹桥,1,U,U
PASS,18:57,18:57,J4,1,U,U
TRAIN,G1356,上海虹桥,crh380d,G,TO_MAIN_TERMINAL,6道(4)折返G7313@19.41
INITIAL,13:25,13:40,长沙南,1,U,U
STOP,14:11,14:13,萍乡北,1,U,U
STOP,14:31,14:33,宜春,1,U,U
STOP,14:48,14:50,新余北,1,U,U
STOP,15:22,15:25,南昌西,1,U,U
STOP,17:05,17:07,龙游,1,U,U
STOP,17:22,17:24,金华,1,U,U
STOP,17:50,17:52,诸暨,1,U,U
STOP,18:16,18:18,杭州东,5,U,U
PASS,18:23,18:23,J3,1,U,U
PASS,18:10,18:10,E2,1,U,U
STOP,18:35,18:37,桐乡,1,U,U
STOP,18:57,18:59,金山北,1,U,U
TERMINAL,19:18,19:29,上海虹桥,4,U,U
PASS,19:11,19:11,J4,1,U,U
TRAIN,G7522,上海虹桥,crh380d,G,TO_MAIN_TERMINAL,(1)
INITIAL,17:00,17:15,宁波,1,U,U
STOP,17:34,17:40,余姚北,1,U,U
STOP,17:58,18:02,绍兴北,1,U,U
STOP,18:21,18:23,杭州东,1,U,U
PASS,18:28,18:28,J3,1,U,U
PASS,18:15,18:15,E2,1,U,U
STOP,18:33,18:38,余杭,1,U,U
STOP,18:56,19:02,嘉兴南,1,U,U
TERMINAL,19:31,19:43,上海虹桥,1,U,U
PASS,19:24,19:24,J4,1,U,U
TRAIN,G1378,南京南,crh380b,G,TO_OTHER_LINES,18道(1)
INITIAL,7:21,7:36,昆明南,1,U,U
STOP,8:11,8:13,曲靖北,1,U,U
STOP,8:37,8:43,盘州,1,U,U
STOP,9:54,10:08,贵阳北,1,U,U
STOP,10:46,10:48,凯里南,1,U,U
STOP,11:24,11:26,铜仁南,1,U,U
STOP,11:46,11:48,芷江,1,U,U
STOP,12:01,12:04,怀化南,1,U,U
STOP,12:24,12:26,溆浦南,1,U,U
STOP,13:02,13:04,娄底南,1,U,U
STOP,13:38,13:46,长沙南,1,U,U
STOP,14:10,14:13,醴陵东,1,U,U
STOP,14:24,14:26,萍乡北,1,U,U
STOP,14:53,14:55,新余北,1,U,U
STOP,15:17,15:19,高安,1,U,U
STOP,15:35,15:38,南昌西,1,U,U
STOP,17:04,17:06,江山,1,U,U
STOP,17:23,17:25,龙游,1,U,U
STOP,17:51,17:53,义乌,1,U,U
STOP,18:26,18:28,杭州东,3,U,U
PASS,18:33,18:33,J3,1,U,U
PASS,18:20,18:20,E2,1,U,U
STOP,18:56,18:58,嘉善南,1,U,U
STOP,19:22,19:28,上海虹桥,1,U,U
PASS,19:15,19:15,J4,1,U,U
PASS,19:33,19:33,E3,1,U,U
STOP,19:51,19:53,苏州北,1,U,U
STOP,20:03,20:05,无锡东,1,U,U
STOP,20:22,20:24,常州北,1,U,U
STOP,20:42,20:44,镇江南,1,U,U
TERMINAL,21:04,21:19,南京南,1,U,U
TRAIN,G100,上海虹桥,cr400bf,G,TO_MAIN_TERMINAL,(5)
INITIAL,10:55,11:10,香港西九龙,1,U,U
STOP,11:29,11:32,深圳北,1,U,U
STOP,12:01,12:05,广州南,1,U,U
STOP,12:56,12:58,韶关,1,U,U
STOP,14:36,14:41,长沙南,1,U,U
STOP,16:00,16:04,南昌西,1,U,U
STOP,17:47,17:49,金华,1,U,U
STOP,18:35,18:39,杭州东,1,U,U
PASS,18:44,18:44,J3,1,U,U
PASS,18:29,18:29,E2,1,U,U
TERMINAL,19:27,19:40,上海虹桥,5,U,U
PASS,19:20,19:20,J4,1,U,U
TRAIN,G7550,上海虹桥,crh380d,G,TO_MAIN_TERMINAL,(3)
INITIAL,17:25,17:40,宁波,1,U,U
STOP,17:59,18:02,余姚北,1,U,U
STOP,18:21,18:23,绍兴北,1,U,U
STOP,18:42,18:44,杭州东,5,U,U
PASS,18:49,18:49,J3,1,U,U
PASS,18:36,18:36,E2,1,U,U
STOP,19:07,19:09,嘉兴南,3,U,U
TERMINAL,19:36,19:51,上海虹桥,3,U,U
PASS,19:29,19:29,J4,1,U,U
TRAIN,G1388,上海虹桥,crh380b,G,TO_MAIN_TERMINAL,(7)
INITIAL,15:31,15:46,南昌西,1,U,U
STOP,16:11,16:13,抚州东,1,U,U
STOP,17:25,17:31,衢州,1,U,U
STOP,17:52,17:54,金华,1,U,U
STOP,18:10,18:13,义乌,1,U,U
STOP,18:46,18:49,杭州东,3,U,U
PASS,18:54,18:54,J3,1,U,U
PASS,18:40,18:40,E2,1,U,U
STOP,19:12,19:14,嘉兴南,1,U,U
TERMINAL,19:41,19:56,上海虹桥,7,U,U
PASS,19:34,19:34,J4,1,U,U
TRAIN,G7588,南京南,crh380b,G,TO_OTHER_LINES,20道OK
INITIAL,14:47,15:02,苍南,1,U,U
STOP,15:12,15:14,鳌江,1,U,U
STOP,15:23,15:25,瑞安,1,U,U
STOP,15:37,15:39,温州南,1,U,U
STOP,16:31,16:33,临海,1,U,U
STOP,16:55,16:57,宁海,1,U,U
STOP,17:29,17:35,宁波,1,U,U
STOP,17:55,17:57,余姚北,1,U,U
STOP,18:08,18:16,绍兴东,1,U,U
STOP,18:27,18:31,绍兴北,1,U,U
STOP,18:50,18:54,杭州东,1,U,U
PASS,18:59,18:59,J3,1,U,U
PASS,18:44,18:44,E2,1,U,U
STOP,19:17,19:22,嘉兴南,3,U,U
STOP,19:50,19:54,上海虹桥2,20,U,U
PASS,19:43,19:43,J4,1,U,U
PASS,19:45,19:45,J5,1,U,U
PASS,19:59,19:59,E4,1,U,U
STOP,20:13,20:19,昆山南,1,U,U
STOP,20:30,20:32,苏州,1,U,U
STOP,20:44,20:45,无锡新区,1,U,U
STOP,21:03,21:05,常州,1,U,U
STOP,21:21,21:23,丹阳,1,U,U
STOP,21:35,21:37,镇江,1,U,U
TERMINAL,22:04,22:19,南京南,1,U,U
TRAIN,G1372,上海虹桥,cr400bf,G,TO_MAIN_TERMINAL,(1)
INITIAL,7:59,8:14,昆明南,1,U,U
STOP,8:49,8:52,曲靖北,1,U,U
STOP,9:16,9:18,盘州,1,U,U
STOP,9:29,9:31,普安县,1,U,U
STOP,10:01,10:03,关岭,1,U,U
STOP,10:43,10:49,贵阳北,1,U,U
STOP,11:09,11:11,贵定北,1,U,U
STOP,11:34,11:36,凯里南,1,U,U
STOP,12:27,12:29,芷江,1,U,U
STOP,12:42,12:45,怀化南,1,U,U
STOP,13:05,13:07,溆浦南,1,U,U
STOP,13:43,13:45,娄底南,1,U,U
STOP,14:13,14:15,湘潭北,1,U,U
STOP,14:28,14:35,长沙南,1,U,U
STOP,14:59,15:04,醴陵东,1,U,U
STOP,15:14,15:16,萍乡北,1,U,U
STOP,15:34,15:36,宜春,1,U,U
STOP,16:18,16:22,南昌西,1,U,U
STOP,18:04,18:06,金华,1,U,U
STOP,18:23,18:25,义乌,1,U,U
STOP,18:57,18:59,杭州东,5,U,U
PASS,19:04,19:04,J3,1,U,U
PASS,18:51,18:51,E2,1,U,U
TERMINAL,19:45,20:00,上海虹桥,1,U,U
PASS,19:38,19:38,J4,1,U,U
TRAIN,G7314,上海虹桥,cr400bf,G,TO_MAIN_TERMINAL,14道(3)折返G7529@20.35
INITIAL,18:50,19:02,杭州,3,U,U
PASS,19:09,19:09,J2,1,U,U
PASS,19:14,19:14,J3,1,U,U
STOP,19:32,19:35,嘉兴南,3,U,U
TERMINAL,20:03,20:19,上海虹桥,3,U,U
PASS,19:56,19:56,J4,1,U,U
TRAIN,D3108,上海虹桥,crh1b-new,D,TO_MAIN_TERMINAL,(5)
INITIAL,8:07,8:22,深圳北,1,U,U
STOP,9:42,9:44,葵潭,1,U,U
STOP,10:11,10:13,潮阳,1,U,U
STOP,10:27,10:31,潮汕,1,U,U
STOP,11:37,11:39,角美,1,U,U
STOP,11:52,11:58,厦门北,1,U,U
STOP,12:24,12:26,泉州,1,U,U
STOP,12:51,12:53,莆田,1,U,U
STOP,13:12,13:14,福清,1,U,U
STOP,13:29,13:37,福州南,1,U,U
STOP,14:15,14:17,宁德,1,U,U
STOP,14:29,14:31,福安,1,U,U
STOP,15:01,15:03,福鼎,1,U,U
STOP,15:25,15:27,鳌江,1,U,U
STOP,15:43,15:45,温州南,1,U,U
STOP,16:06,16:08,绅坊,1,U,U
STOP,16:34,16:36,台州,1,U,U
STOP,16:54,16:56,三门县,1,U,U
STOP,17:37,17:45,宁波,1,U,U
STOP,17:54,17:56,庄桥,1,U,U
STOP,18:11,18:13,余姚北,1,U,U
STOP,18:25,18:27,绍兴东,1,U,U
STOP,18:38,18:41,绍兴北,1,U,U
STOP,19:01,19:04,杭州东,3,U,U
PASS,19:09,19:09,J3,1,U,U
PASS,18:55,18:55,E2,1,U,U
STOP,19:28,19:30,嘉兴南,1,U,U
TERMINAL,19:59,20:14,上海虹桥,5,U,U
PASS,19:52,19:52,J4,1,U,U
TRAIN,G7596,合肥南,crh380b,G,TO_OTHER_LINES,19道(1)
INITIAL,15:58,16:13,温州南,1,U,U
STOP,16:40,16:42,雁荡山,1,U,U
STOP,17:01,17:03,台州,1,U,U
STOP,17:22,17:24,三门县,1,U,U
STOP,18:05,18:09,宁波,1,U,U
STOP,18:28,18:30,余姚北,1,U,U
STOP,18:48,18:50,绍兴北,1,U,U
STOP,19:09,19:12,杭州东,5,U,U
PASS,19:17,19:17,J3,1,U,U
PASS,19:03,19:03,E2,1,U,U
STOP,19:29,19:31,桐乡,1,U,U
STOP,20:07,20:13,上海虹桥,1,U,U
PASS,20:00,20:00,J4,1,U,U
PASS,20:18,20:18,E3,1,U,U
STOP,20:36,20:38,苏州北,1,U,U
STOP,20:48,20:50,无锡东,1,U,U
STOP,21:07,21:09,常州北,1,U,U
STOP,21:42,21:47,南京南,1,U,U
TERMINAL,22:39,22:54,合肥南,1,U,U
TRAIN,G7524,上海虹桥,crh380b,G,TO_MAIN_TERMINAL,
INITIAL,17:59,18:14,宁波,1,U,U
STOP,18:33,18:35,余姚北,1,U,U
STOP,18:53,18:55,绍兴北,1,U,U
STOP,19:14,19:17,杭州东,1,U,U
PASS,19:22,19:22,J3,1,U,U
PASS,19:08,19:08,E2,1,U,U
STOP,19:30,19:32,海宁西,1,U,U
STOP,20:00,20:03,松江南,1,U,U
TERMINAL,20:17,20:32,上海虹桥,1,U,U
PASS,20:10,20:10,J4,1,U,U
TRAIN,D3132,上海虹桥,crh2a-t,D,TO_MAIN_TERMINAL,过夜D3131(4道(4)->6)
INITIAL,10:43,10:58,龙岩,1,U,U
STOP,11:29,11:31,南靖,1,U,U
STOP,11:46,11:48,漳州,1,U,U
STOP,12:07,12:11,厦门北,1,U,U
STOP,12:37,12:39,泉州,1,U,U
STOP,12:57,12:59,仙游,1,U,U
STOP,13:10,13:12,莆田,1,U,U
STOP,13:31,13:33,福清,1,U,U
STOP,13:48,13:52,福州南,1,U,U
STOP,14:22,14:24,罗源,1,U,U
STOP,14:53,14:55,霞浦,1,U,U
STOP,15:10,15:12,太姥山,1,U,U
STOP,15:45,15:47,瑞安,1,U,U
STOP,15:58,16:00,温州南,1,U,U
STOP,16:10,16:12,永嘉,1,U,U
STOP,16:41,16:43,温岭,1,U,U
STOP,16:54,16:56,台州,1,U,U
STOP,17:52,17:58,宁波,1,U,U
STOP,18:19,18:22,余姚北,1,U,U
STOP,18:35,18:46,绍兴东,1,U,U
STOP,18:58,19:00,绍兴北,1,U,U
STOP,19:20,19:22,杭州东,5,U,U
PASS,19:27,19:27,J3,1,U,U
PASS,19:14,19:14,E2,1,U,U
STOP,19:31,19:41,余杭,1,U,U
STOP,20:00,20:04,嘉兴南,3,U,U
TERMINAL,20:34,20:49,上海虹桥,6,U,U
PASS,20:27,20:27,J4,1,U,U
TRAIN,G7582,南京南,crh380b,G,TO_OTHER_LINES,20道OK
INITIAL,15:29,15:44,苍南,1,U,U
STOP,15:59,16:01,瑞安,1,U,U
STOP,16:14,16:18,温州南,1,U,U
STOP,16:38,16:40,绅坊,1,U,U
STOP,17:06,17:08,台州,1,U,U
STOP,17:19,17:21,临海,1,U,U
STOP,17:55,17:57,奉化,1,U,U
STOP,18:16,18:19,宁波,1,U,U
STOP,18:28,18:30,庄桥,1,U,U
STOP,18:44,18:46,余姚北,1,U,U
STOP,19:04,19:06,绍兴北,1,U,U
STOP,19:25,19:27,杭州东,3,U,U
PASS,19:32,19:32,J3,1,U,U
PASS,19:19,19:19,E2,1,U,U
STOP,19:50,19:55,嘉兴南,1,U,U
STOP,20:04,20:06,嘉善南,1,U,U
STOP,20:30,20:45,上海虹桥2,20,U,U
PASS,20:23,20:23,J4,1,U,U
PASS,20:25,20:25,J5,1,U,U
PASS,20:50,20:50,E4,1,U,U
STOP,21:04,21:06,昆山南,1,U,U
STOP,21:17,21:19,苏州,1,U,U
STOP,21:34,21:36,无锡,1,U,U
STOP,21:50,21:52,常州,1,U,U
STOP,22:08,22:10,丹阳,1,U,U
TERMINAL,22:45,23:00,南京南,1,U,U
TRAIN,G1654,上海虹桥,crh380a,G,TO_MAIN_TERMINAL,过夜G1651(4道(4))
INITIAL,13:20,13:35,厦门北,1,U,U
STOP,14:00,14:02,泉州,1,U,U
STOP,14:27,14:29,莆田,1,U,U
STOP,14:48,14:50,福清,1,U,U
STOP,15:05,15:07,福州南,1,U,U
STOP,15:23,15:31,福州,1,U,U
STOP,15:56,15:58,古田北,1,U,U
STOP,16:12,16:14,南平北,1,U,U
STOP,16:30,16:32,建瓯西,1,U,U
STOP,18:05,18:08,衢州,1,U,U
STOP,18:19,18:21,龙游,1,U,U
STOP,18:37,18:39,金华,1,U,U
STOP,18:55,18:57,义乌,1,U,U
STOP,19:30,19:32,杭州东,1,U,U
PASS,19:37,19:37,J3,1,U,U
PASS,19:24,19:24,E2,1,U,U
PASS,19:40,19:40,余杭,1,U,U
STOP,20:05,20:07,金山北,1,U,U
TERMINAL,20:25,20:40,上海虹桥,4,U,U
PASS,20:18,20:18,J4,1,U,U
TRAIN,D2284,上海虹桥,crh2a,D,TO_MAIN_TERMINAL,(3)
INITIAL,8:31,8:46,深圳北,1,U,U
STOP,9:08,9:10,深圳坪山,1,U,U
STOP,9:30,9:32,惠东,1,U,U
STOP,9:57,9:59,汕尾,1,U,U
STOP,10:47,10:49,潮阳,1,U,U
STOP,11:04,11:07,潮汕,1,U,U
STOP,11:32,11:39,诏安,1,U,U
STOP,12:17,12:20,漳州,1,U,U
STOP,12:40,12:48,厦门北,1,U,U
STOP,13:06,13:08,晋江,1,U,U
STOP,13:19,13:21,泉州,1,U,U
STOP,13:52,13:54,涵江,1,U,U
STOP,14:18,14:27,福州南,1,U,U
STOP,15:05,15:07,宁德,1,U,U
STOP,15:45,15:47,福鼎,1,U,U
STOP,16:21,16:24,温州南,1,U,U
STOP,16:39,16:41,乐清,1,U,U
STOP,17:05,17:07,温岭,1,U,U
STOP,17:18,17:20,台州,1,U,U
STOP,17:49,17:51,宁海,1,U,U
STOP,18:22,18:29,宁波,1,U,U
STOP,18:49,18:51,余姚北,1,U,U
STOP,19:11,19:15,绍兴北,1,U,U
STOP,19:35,19:39,杭州东,3,U,U
PASS,19:44,19:44,J3,1,U,U
PASS,19:29,19:29,E2,1,U,U
STOP,19:51,19:56,海宁西,1,U,U
STOP,20:12,20:14,嘉兴南,3,U,U
TERMINAL,20:44,20:59,上海虹桥,3,U,U
PASS,20:37,20:37,J4,1,U,U
TRAIN,G1656,上海虹桥,crh380b,G,TO_MAIN_TERMINAL,(1)
INITIAL,13:57,14:12,厦门北,1,U,U
STOP,14:47,14:49,惠安,1,U,U
STOP,15:08,15:10,莆田,1,U,U
STOP,15:52,15:56,福州,1,U,U
STOP,16:30,16:32,南平北,1,U,U
STOP,16:48,16:50,建瓯西,1,U,U
STOP,17:05,17:07,武夷山东,1,U,U
STOP,18:25,18:27,衢州,1,U,U
STOP,18:48,18:50,金华,1,U,U
STOP,19:06,19:08,义乌,1,U,U
STOP,19:40,19:44,杭州东,1,U,U
PASS,19:49,19:49,J3,1,U,U
PASS,19:34,19:34,E2,1,U,U
PASS,19:55,19:55,海宁西,1,U,U
STOP,20:07,20:09,嘉兴南,1,U,U
TERMINAL,20:38,20:53,上海虹桥,1,U,U
PASS,20:31,20:31,J4,1,U,U
TRAIN,D3206,上海虹桥,crh2a,D,TO_MAIN_TERMINAL,(5)
INITIAL,12:39,12:54,厦门北,1,U,U
STOP,13:12,13:14,晋江,1,U,U
STOP,13:25,13:27,泉州,1,U,U
STOP,13:52,14:01,莆田,1,U,U
STOP,14:31,14:36,福州南,1,U,U
STOP,15:14,15:16,宁德,1,U,U
STOP,15:37,15:39,霞浦,1,U,U
STOP,16:17,16:19,鳌江,1,U,U
STOP,16:35,16:37,温州南,1,U,U
STOP,16:52,16:54,乐清,1,U,U
STOP,17:19,17:21,温岭,1,U,U
STOP,17:46,17:48,三门县,1,U,U
STOP,18:29,18:35,宁波,1,U,U
STOP,18:55,18:57,余姚北,1,U,U
STOP,19:09,19:11,绍兴东,1,U,U
STOP,19:22,19:24,绍兴北,1,U,U
STOP,19:45,19:51,杭州东,5,U,U
PASS,19:56,19:56,J3,1,U,U
PASS,19:39,19:39,E2,1,U,U
STOP,20:16,20:19,嘉兴南,1,U,U
TERMINAL,20:48,21:03,上海虹桥,5,U,U
PASS,20:41,20:41,J4,1,U,U
TRAIN,G1334,上海虹桥,crh380d,G,TO_MAIN_TERMINAL,(1)
INITIAL,8:34,8:49,重庆西,1,U,U
STOP,9:15,9:17,綦江东,1,U,U
STOP,10:13,10:15,遵义,1,U,U
STOP,10:42,10:48,息烽,1,U,U
STOP,11:13,11:21,贵阳东,1,U,U
STOP,11:37,11:45,贵定北,1,U,U
STOP,12:08,12:10,凯里南,1,U,U
STOP,12:45,12:52,铜仁南,1,U,U
STOP,13:01,13:08,新晃西,1,U,U
STOP,13:32,13:36,怀化南,1,U,U
STOP,13:57,13:59,溆浦南,1,U,U
STOP,14:35,14:38,娄底南,1,U,U
STOP,14:55,14:57,韶山南,1,U,U
STOP,15:19,15:22,长沙南,1,U,U
STOP,16:04,16:06,宜春,1,U,U
STOP,16:21,16:23,新余北,1,U,U
STOP,16:55,16:58,南昌西,1,U,U
STOP,18:30,18:32,衢州,1,U,U
STOP,18:53,18:55,金华,1,U,U
STOP,19:11,19:13,义乌,1,U,U
STOP,19:27,19:29,诸暨,1,U,U
STOP,19:53,19:56,杭州东,3,U,U
PASS,20:01,20:01,J3,1,U,U
PASS,19:47,19:47,E2,1,U,U
STOP,20:13,20:15,桐乡,1,U,U
STOP,20:30,20:32,嘉善南,1,U,U
TERMINAL,20:56,21:11,上海虹桥,1,U,U
PASS,20:49,20:49,J4,1,U,U
TRAIN,G7352,上海,crh380d,G,TO_SUB_TERMINAL,20道OK
INITIAL,19:45,20:00,杭州,2,U,U
PASS,20:07,20:07,J2,1,U,U
PASS,20:12,20:12,J3,1,U,U
STOP,20:29,20:31,嘉兴南,1,U,U
STOP,21:01,21:03,上海虹桥2,20,U,U
PASS,20:54,20:54,J4,1,U,U
PASS,20:56,20:56,J5,1,U,U
PASS,21:08,21:08,E4,1,U,U
STOP,21:22,21:24,上海西,1,U,U
TERMINAL,21:34,21:49,上海,1,U,U
TRAIN,D2282,南京,crh2b,D,TO_OTHER_LINES,20道OK
INITIAL,9:03,9:18,深圳北,1,U,U
STOP,9:45,9:48,惠州南,1,U,U
STOP,10:23,10:25,汕尾,1,U,U
STOP,11:25,11:30,潮汕,1,U,U
STOP,11:48,11:56,饶平,1,U,U
STOP,12:15,12:17,云霄,1,U,U
STOP,12:45,12:47,漳州,1,U,U
STOP,13:07,13:12,厦门北,1,U,U
STOP,13:37,13:39,泉州,1,U,U
STOP,14:04,14:06,莆田,1,U,U
STOP,14:36,14:42,福州南,1,U,U
STOP,15:02,15:04,连江,1,U,U
STOP,15:26,15:28,宁德,1,U,U
STOP,15:40,15:42,福安,1,U,U
STOP,16:35,16:37,瑞安,1,U,U
STOP,16:48,16:50,温州南,1,U,U
STOP,17:18,17:20,雁荡山,1,U,U
STOP,17:39,17:41,台州,1,U,U
STOP,18:10,18:12,宁海,1,U,U
STOP,18:41,18:46,宁波,1,U,U
STOP,19:06,19:08,余姚北,1,U,U
STOP,19:20,19:22,绍兴东,1,U,U
STOP,19:33,19:38,绍兴北,1,U,U
STOP,19:58,20:01,杭州东,1,U,U
PASS,20:06,20:06,J3,1,U,U
PASS,19:52,19:52,E2,1,U,U
STOP,20:13,20:27,海宁西,1,U,U
STOP,20:36,20:38,桐乡,1,U,U
STOP,20:53,20:55,嘉善南,1,U,U
STOP,21:20,21:26,上海虹桥2,20,U,U
PASS,21:13,21:13,J4,1,U,U
PASS,21:15,21:15,J5,1,U,U
PASS,21:31,21:31,E4,1,U,U
STOP,21:54,21:57,苏州,1,U,U
STOP,22:12,22:14,无锡,1,U,U
STOP,22:29,22:31,常州,1,U,U
TERMINAL,23:14,23:29,南京,1,U,U
TRAIN,G1502,上海虹桥,crh380a,G,TO_MAIN_TERMINAL,过夜G1501@1003(3道(2))
INITIAL,9:00,9:15,南宁东,1,U,U
STOP,9:57,9:59,来宾北,1,U,U
STOP,10:25,10:28,柳州,1,U,U
STOP,10:56,10:58,鹿寨北,1,U,U
STOP,11:39,11:45,桂林,1,U,U
STOP,12:17,12:20,兴安北,1,U,U
STOP,12:41,12:43,全州南,1,U,U
STOP,13:06,13:08,东安东,1,U,U
STOP,13:25,13:29,永州,1,U,U
STOP,13:45,13:47,祁阳,1,U,U
STOP,14:01,14:03,祁东,1,U,U
STOP,14:32,14:34,衡阳东,1,U,U
STOP,15:02,15:04,株洲西,1,U,U
STOP,15:23,15:27,长沙南,1,U,U
STOP,15:56,15:58,萍乡北,1,U,U
STOP,16:26,16:28,新余北,1,U,U
STOP,17:01,17:07,南昌西,1,U,U
STOP,18:33,18:35,江山,1,U,U
STOP,19:02,19:04,金华,1,U,U
STOP,19:20,19:22,义乌,1,U,U
STOP,19:36,19:41,诸暨,1,U,U
STOP,20:05,20:10,杭州东,3,U,U
PASS,20:15,20:15,J3,1,U,U
PASS,19:59,19:59,E2,1,U,U
STOP,20:33,20:36,嘉兴南,3,U,U
STOP,20:54,21:00,松江南,1,U,U
TERMINAL,21:15,21:30,上海虹桥,2,U,U
PASS,21:08,21:08,J4,1,U,U
TRAIN,G7366,上海虹桥,crh380d,G,TO_MAIN_TERMINAL,13道(3)折返G7315@21.30
INITIAL,18:31,18:46,江山,1,U,U
STOP,18:57,18:59,衢州,1,U,U
STOP,19:20,19:22,金华,1,U,U
STOP,19:38,19:40,义乌,1,U,U
STOP,20:12,20:15,杭州东,5,U,U
PASS,20:20,20:20,J3,1,U,U
PASS,20:06,20:06,E2,1,U,U
PASS,20:25,20:25,海宁西,1,U,U
STOP,20:39,20:41,嘉兴南,1,U,U
TERMINAL,21:10,21:20,上海虹桥,3,U,U
PASS,21:03,21:03,J4,1,U,U
TRAIN,D3202,上海虹桥,crh2a,D,TO_MAIN_TERMINAL,
INITIAL,13:07,13:22,厦门北,1,U,U
STOP,13:47,13:50,泉州,1,U,U
STOP,14:15,14:17,莆田,1,U,U
STOP,14:47,15:02,福州南,1,U,U
STOP,15:40,15:42,宁德,1,U,U
STOP,16:14,16:17,太姥山,1,U,U
STOP,16:44,16:46,鳌江,1,U,U
STOP,16:55,16:57,瑞安,1,U,U
STOP,17:09,17:11,温州南,1,U,U
STOP,17:21,17:23,永嘉,1,U,U
STOP,17:52,17:54,温岭,1,U,U
STOP,18:12,18:14,临海,1,U,U
STOP,19:02,19:06,宁波,1,U,U
STOP,19:26,19:28,余姚北,1,U,U
STOP,19:40,19:42,绍兴东,1,U,U
STOP,19:53,19:56,绍兴北,1,U,U
STOP,20:17,20:20,杭州东,1,U,U
PASS,20:25,20:25,J3,1,U,U
PASS,20:11,20:11,E2,1,U,U
STOP,20:35,20:47,海宁西,1,U,U
STOP,21:03,21:08,嘉兴南,1,U,U
STOP,21:16,21:21,嘉善南,1,U,U
TERMINAL,21:47,22:02,上海虹桥,1,U,U
PASS,21:40,21:40,J4,1,U,U
TRAIN,G7338,上海虹桥,crh380d,G,TO_MAIN_TERMINAL,
INITIAL,17:42,17:57,温州南,1,U,U
STOP,18:16,18:18,青田,1,U,U
STOP,18:37,18:39,丽水,1,U,U
STOP,18:52,18:54,缙云西,1,U,U
STOP,19:12,19:14,武义北,1,U,U
STOP,19:25,19:27,金华南,1,U,U
STOP,19:46,19:50,义乌,1,U,U
STOP,20:22,20:25,杭州东,3,U,U
PASS,20:30,20:30,J3,1,U,U
PASS,20:16,20:16,E2,1,U,U
STOP,20:35,20:40,余杭,1,U,U
STOP,20:58,21:01,嘉兴南,3,U,U
TERMINAL,21:28,21:43,上海虹桥,1,U,U
PASS,21:21,21:21,J4,1,U,U
TRAIN,G7397,上海虹桥,cr400bf,G,TO_MAIN_TERMINAL,拆分自G7396
INITIAL,18:02,18:17,南京南,1,U,U
STOP,18:33,18:35,溧水,1,U,U
STOP,18:50,18:52,溧阳,1,U,U
STOP,19:04,19:06,宜兴,1,U,U
STOP,19:22,19:24,湖州,1,U,U
STOP,19:37,19:39,德清,1,U,U
PASS,19:46,19:46,J1,1,D,D
PASS,19:44,19:44,E1,1,D,D
TERMINAL,19:58,20:11,杭州,4,D,U
TRAIN,G7396,上海虹桥,cr400bf,G,TO_MAIN_TERMINAL,过夜G7395(5道(4))
INITIAL,20:11,20:25,杭州,4,D,U
PASS,20:32,20:32,J2,1,U,U
PASS,20:36,20:36,J3,1,U,U
PASS,20:38,20:38,余杭,1,U,U
STOP,20:54,20:56,嘉兴南,1,U,U
TERMINAL,21:24,21:39,上海虹桥,4,U,U
PASS,21:17,21:17,J4,1,U,U
TRAIN,G1328,上海虹桥,crh380d,G,TO_MAIN_TERMINAL,过夜G1321(4道(4))
INITIAL,11:39,11:54,贵阳北,1,U,U
STOP,12:32,12:34,凯里南,1,U,U
STOP,13:09,13:11,铜仁南,1,U,U
STOP,13:32,13:34,芷江,1,U,U
STOP,13:47,13:51,怀化南,1,U,U
STOP,14:31,14:33,邵阳北,1,U,U
STOP,14:49,14:51,娄底南,1,U,U
STOP,15:25,15:32,长沙南,1,U,U
STOP,15:56,15:58,醴陵东,1,U,U
STOP,16:21,16:23,宜春,1,U,U
STOP,16:38,16:40,新余北,1,U,U
STOP,17:12,17:17,南昌西,1,U,U
STOP,18:52,18:54,江山,1,U,U
STOP,19:05,19:07,衢州,1,U,U
STOP,19:18,19:20,龙游,1,U,U
STOP,19:36,19:38,金华,1,U,U
STOP,19:54,19:56,义乌,1,U,U
STOP,20:28,20:36,杭州东,1,U,U
PASS,20:41,20:41,J3,1,U,U
PASS,20:22,20:22,E2,1,U,U
STOP,20:46,20:52,余杭,1,U,U
STOP,21:11,21:13,嘉兴南,3,U,U
TERMINAL,21:42,21:57,上海虹桥,4,U,U
PASS,21:35,21:35,J4,1,U,U
TRAIN,G7350,南京南,crh380b,G,TO_OTHER_LINES,20道OK
INITIAL,17:21,17:36,苍南,1,U,U
STOP,17:46,17:48,鳌江,1,U,U
STOP,18:06,18:10,温州南,1,U,U
STOP,18:29,18:31,青田,1,U,U
STOP,18:51,18:53,丽水,1,U,U
STOP,19:06,19:08,缙云西,1,U,U
STOP,19:18,19:20,永康南,1,U,U
STOP,19:38,19:40,金华南,1,U,U
STOP,19:59,20:01,义乌,1,U,U
STOP,20:33,20:43,杭州东,5,U,U
PASS,20:48,20:48,J3,1,U,U
PASS,20:27,20:27,E2,1,U,U
PASS,20:51,20:51,余杭,1,U,U
STOP,21:22,21:24,松江南,1,U,U
STOP,21:38,21:42,上海虹桥2,20,U,U
PASS,21:31,21:31,J4,1,U,U
PASS,21:33,21:33,J5,1,U,U
PASS,21:47,21:47,E4,1,U,U
STOP,22:07,22:09,苏州,1,U,U
STOP,22:24,22:26,无锡,1,U,U
STOP,22:40,22:42,常州,1,U,U
TERMINAL,23:28,23:43,南京南,1,U,U
TRAIN,D3146,上海虹桥,crh2a-t,D,TO_MAIN_TERMINAL,过夜D3145(5道(4))
INITIAL,10:39,10:54,赣州,1,U,U
STOP,11:22,11:24,于都,1,U,U
STOP,11:52,11:54,瑞金,1,U,U
STOP,12:47,12:55,龙岩,1,U,U
STOP,13:53,13:57,厦门北,1,U,U
STOP,14:22,14:25,泉州,1,U,U
STOP,14:50,14:52,莆田,1,U,U
STOP,15:11,15:13,福清,1,U,U
STOP,15:27,15:32,福州南,1,U,U
STOP,16:02,16:04,罗源,1,U,U
STOP,16:33,16:35,霞浦,1,U,U
STOP,17:13,17:15,鳌江,1,U,U
STOP,17:24,17:26,瑞安,1,U,U
STOP,17:38,17:40,温州南,1,U,U
STOP,18:07,18:09,雁荡山,1,U,U
STOP,18:28,18:30,台州,1,U,U
STOP,18:49,18:51,三门县,1,U,U
STOP,19:31,19:38,宁波,1,U,U
STOP,19:58,20:01,余姚北,1,U,U
STOP,20:20,20:23,绍兴北,1,U,U
STOP,20:43,20:50,杭州东,3,U,U
PASS,20:55,20:55,J3,1,U,U
PASS,20:37,20:37,E2,1,U,U
STOP,21:07,21:17,桐乡,1,U,U
STOP,21:28,21:31,嘉兴南,1,U,U
TERMINAL,22:00,22:15,上海虹桥,4,U,U
PASS,21:53,21:53,J4,1,U,U
TRAIN,G1304,上海虹桥,crh380a,G,TO_MAIN_TERMINAL,过夜G1301@10.23(2道(2))
INITIAL,13:09,13:24,广州南,1,U,U
STOP,13:41,13:46,广州北,1,U,U
STOP,14:10,14:12,英德西,1,U,U
STOP,14:59,15:01,郴州西,1,U,U
STOP,15:22,15:24,耒阳西,1,U,U
STOP,15:49,15:51,衡山西,1,U,U
STOP,16:24,16:30,长沙南,1,U,U
STOP,16:59,17:01,萍乡北,1,U,U
STOP,17:57,18:00,南昌西,1,U,U
STOP,18:26,18:28,抚州东,1,U,U
STOP,18:41,18:43,鹰潭北,1,U,U
STOP,19:57,19:59,金华,1,U,U
STOP,20:15,20:17,义乌,1,U,U
STOP,20:49,20:55,杭州东,5,U,U
PASS,21:00,21:00,J3,1,U,U
PASS,20:43,20:43,E2,1,U,U
STOP,21:19,21:21,嘉兴南,1,U,U
TERMINAL,21:51,22:06,上海虹桥,2,U,U
PASS,21:44,21:44,J4,1,U,U
TRAIN,G1394,上海虹桥,crh380a,G,TO_MAIN_TERMINAL,过夜G1383(7道(6))
INITIAL,17:33,17:48,南昌,1,U,U
STOP,19:50,19:53,金华,1,U,U
STOP,20:09,20:11,义乌,1,U,U
STOP,20:25,20:30,诸暨,1,U,U
STOP,20:53,21:00,杭州东,1,U,U
PASS,21:05,21:05,J3,1,U,U
PASS,20:47,20:47,E2,1,U,U
PASS,21:15,21:15,桐乡,1,U,U
STOP,21:23,21:26,嘉兴南,3,U,U
TERMINAL,21:55,22:10,上海虹桥,6,U,U
PASS,21:48,21:48,J4,1,U,U
TRAIN,G7340,上海虹桥,crh380d,G,TO_MAIN_TERMINAL,
INITIAL,18:19,18:34,温州南,1,U,U
STOP,18:53,18:55,青田,1,U,U
STOP,19:14,19:16,丽水,1,U,U
STOP,19:29,19:31,缙云西,1,U,U
STOP,19:42,19:44,永康南,1,U,U
STOP,20:02,20:04,金华南,1,U,U
STOP,20:23,20:25,义乌,1,U,U
STOP,20:58,21:05,杭州东,3,U,U
PASS,21:10,21:10,J3,1,U,U
PASS,20:52,20:52,E2,1,U,U
STOP,21:18,21:20,海宁西,1,U,U
STOP,21:35,21:37,嘉兴南,3,U,U
TERMINAL,22:04,22:19,上海虹桥,1,U,U
PASS,21:57,21:57,J4,1,U,U
TRAIN,D2286,上海虹桥,crh2a,D,TO_MAIN_TERMINAL,(3)
INITIAL,9:39,9:54,深圳北,1,U,U
STOP,10:15,10:17,深圳坪山,1,U,U
STOP,10:27,10:29,惠州南,1,U,U
STOP,11:04,11:06,汕尾,1,U,U
STOP,11:42,11:44,普宁,1,U,U
STOP,12:12,12:18,潮汕,1,U,U
STOP,12:46,12:48,诏安,1,U,U
STOP,13:26,13:28,漳州,1,U,U
STOP,13:47,13:51,厦门北,1,U,U
STOP,14:17,14:19,泉州,1,U,U
STOP,14:36,14:44,仙游,1,U,U
STOP,14:55,14:57,莆田,1,U,U
STOP,15:16,15:18,福清,1,U,U
STOP,15:33,15:47,福州南,1,U,U
STOP,16:07,16:09,连江,1,U,U
STOP,16:39,16:41,福安,1,U,U
STOP,17:11,17:13,福鼎,1,U,U
STOP,17:47,17:49,温州南,1,U,U
STOP,17:59,18:01,永嘉,1,U,U
STOP,18:10,18:12,乐清,1,U,U
STOP,18:36,18:38,温岭,1,U,U
STOP,19:15,19:17,宁海,1,U,U
STOP,19:47,19:54,宁波,1,U,U
STOP,20:14,20:16,余姚北,1,U,U
STOP,20:28,20:30,绍兴东,1,U,U
STOP,20:41,20:43,绍兴北,1,U,U
STOP,21:03,21:10,杭州东,5,U,U
PASS,21:15,21:15,J3,1,U,U
PASS,20:57,20:57,E2,1,U,U
STOP,21:19,21:21,余杭,1,U,U
STOP,21:40,21:42,嘉兴南,1,U,U
TERMINAL,22:12,22:27,上海虹桥,3,U,U
PASS,22:05,22:05,J4,1,U,U
TRAIN,G1374,上海虹桥,cr400bf,G,TO_MAIN_TERMINAL,(5)
INITIAL,9:53,10:08,昆明南,1,U,U
STOP,10:43,10:45,曲靖北,1,U,U
STOP,11:09,11:11,盘州,1,U,U
STOP,11:57,11:59,安顺西,1,U,U
STOP,12:29,12:35,贵阳北,1,U,U
STOP,12:55,12:57,贵定北,1,U,U
STOP,13:20,13:22,凯里南,1,U,U
STOP,14:13,14:15,芷江,1,U,U
STOP,14:28,14:31,怀化南,1,U,U
STOP,14:51,14:53,溆浦南,1,U,U
STOP,15:42,15:44,韶山南,1,U,U
STOP,16:05,16:14,长沙南,1,U,U
STOP,16:38,16:40,醴陵东,1,U,U
STOP,16:50,16:53,萍乡北,1,U,U
STOP,17:21,17:28,新余北,1,U,U
STOP,17:50,17:52,高安,1,U,U
STOP,18:08,18:20,南昌西,1,U,U
STOP,18:54,18:57,鹰潭北,1,U,U
STOP,19:53,19:55,衢州,1,U,U
STOP,20:06,20:08,龙游,1,U,U
STOP,20:23,20:25,金华,1,U,U
STOP,20:41,20:43,义乌,1,U,U
STOP,21:16,21:20,杭州东,1,U,U
PASS,21:25,21:25,J3,1,U,U
PASS,21:10,21:10,E2,1,U,U
STOP,21:44,21:47,嘉兴南,3,U,U
TERMINAL,22:16,22:31,上海虹桥,5,U,U
PASS,22:09,22:09,J4,1,U,U
TRAIN,G1364,上海虹桥,crh380d,G,TO_MAIN_TERMINAL,(6)
INITIAL,16:23,16:38,长沙南,1,U,U
STOP,17:02,17:06,醴陵东,1,U,U
STOP,17:29,17:33,宜春,1,U,U
STOP,18:16,18:26,南昌西,1,U,U
STOP,19:52,19:54,江山,1,U,U
STOP,20:05,20:07,衢州,1,U,U
STOP,20:28,20:30,金华,1,U,U
STOP,20:46,20:48,义乌,1,U,U
STOP,21:21,21:25,杭州东,3,U,U
PASS,21:30,21:30,J3,1,U,U
PASS,21:15,21:15,E2,1,U,U
STOP,21:49,21:52,嘉兴南,1,U,U
TERMINAL,22:20,22:35,上海虹桥,6,U,U
PASS,22:13,22:13,J4,1,U,U
TRAIN,D378,上海虹桥,crh2a,D,TO_MAIN_TERMINAL,(1)
INITIAL,14:12,14:27,厦门北,1,U,U
STOP,14:45,14:47,晋江,1,U,U
STOP,14:58,15:00,泉州,1,U,U
STOP,15:25,15:27,莆田,1,U,U
STOP,15:37,15:39,涵江,1,U,U
STOP,16:03,16:07,福州南,1,U,U
STOP,16:37,16:39,罗源,1,U,U
STOP,16:51,16:53,宁德,1,U,U
STOP,17:15,17:17,霞浦,1,U,U
STOP,17:37,17:39,福鼎,1,U,U
STOP,18:06,18:08,瑞安,1,U,U
STOP,18:19,18:21,温州南,1,U,U
STOP,18:56,18:58,温岭,1,U,U
STOP,19:47,19:49,奉化,1,U,U
STOP,20:07,20:13,宁波,1,U,U
STOP,20:33,20:35,余姚北,1,U,U
STOP,20:47,20:50,绍兴东,1,U,U
STOP,21:01,21:06,绍兴北,1,U,U
STOP,21:26,21:30,杭州东,5,U,U
PASS,21:35,21:35,J3,1,U,U
PASS,21:20,21:20,E2,1,U,U
STOP,21:54,21:57,嘉兴南,3,U,U
TERMINAL,22:27,22:42,上海虹桥,1,U,U
PASS,22:20,22:20,J4,1,U,U
TRAIN,G7528,上海虹桥,crh380b,G,TO_MAIN_TERMINAL,(3)
INITIAL,18:23,18:38,温州南,1,U,U
STOP,18:58,19:00,绅坊,1,U,U
STOP,19:26,19:28,台州,1,U,U
STOP,19:39,19:41,临海,1,U,U
STOP,20:29,20:31,宁波,1,U,U
STOP,20:50,20:52,余姚北,1,U,U
STOP,21:10,21:12,绍兴北,1,U,U
STOP,21:32,21:35,杭州东,1,U,U
PASS,21:40,21:40,J3,1,U,U
PASS,21:26,21:26,E2,1,U,U
STOP,21:59,22:03,嘉兴南,1,U,U
TERMINAL,22:31,22:46,上海虹桥,3,U,U
PASS,22:24,22:24,J4,1,U,U
TRAIN,D2288,上海虹桥,crh2a,D,TO_MAIN_TERMINAL,(5)
INITIAL,10:27,10:42,深圳北,1,U,U
STOP,11:03,11:05,深圳坪山,1,U,U
STOP,11:37,11:39,鲘门,1,U,U
STOP,12:05,12:07,陆丰,1,U,U
STOP,12:31,12:33,普宁,1,U,U
STOP,12:49,12:51,潮阳,1,U,U
STOP,13:05,13:08,潮汕,1,U,U
STOP,13:55,13:57,漳浦,1,U,U
STOP,14:31,14:38,厦门北,1,U,U
STOP,14:56,14:58,晋江,1,U,U
STOP,15:09,15:12,泉州,1,U,U
STOP,15:37,15:39,莆田,1,U,U
STOP,15:58,16:00,福清,1,U,U
STOP,16:14,16:19,福州南,1,U,U
STOP,16:49,16:51,罗源,1,U,U
STOP,17:10,17:12,福安,1,U,U
STOP,17:26,17:28,霞浦,1,U,U
STOP,17:59,18:01,苍南,1,U,U
STOP,18:12,18:14,鳌江,1,U,U
STOP,18:30,18:32,温州南,1,U,U
STOP,19:00,19:02,雁荡山,1,U,U
STOP,19:35,19:37,三门县,1,U,U
STOP,20:19,20:23,宁波,1,U,U
STOP,20:43,20:45,余姚北,1,U,U
STOP,20:57,21:04,绍兴东,1,U,U
STOP,21:15,21:17,绍兴北,1,U,U
STOP,21:38,21:40,杭州东,3,U,U
PASS,21:45,21:45,J3,1,U,U
PASS,21:32,21:32,E2,1,U,U
STOP,21:57,21:59,桐乡,1,U,U
TERMINAL,22:35,22:50,上海虹桥,5,U,U
PASS,22:28,22:28,J4,1,U,U
TRAIN,G1640,上海虹桥,cr400bf,G,TO_MAIN_TERMINAL,(6)
INITIAL,17:40,17:55,福州,1,U,U
STOP,18:20,18:22,古田北,1,U,U
STOP,20:13,20:15,衢州,1,U,U
STOP,20:37,20:40,金华,1,U,U
STOP,20:56,20:58,义乌,1,U,U
STOP,21:12,21:25,诸暨,1,U,U
STOP,21:48,21:50,杭州东,1,U,U
PASS,21:55,21:55,J3,1,U,U
PASS,21:42,21:42,E2,1,U,U
STOP,22:13,22:15,嘉兴南,1,U,U
TERMINAL,22:43,22:58,上海虹桥,6,U,U
PASS,22:36,22:36,J4,1,U,U
TRAIN,G1658,上海虹桥,cr400bf,G,TO_MAIN_TERMINAL,(1)
INITIAL,16:00,16:15,厦门北,1,U,U
STOP,16:33,16:35,晋江,1,U,U
STOP,16:46,16:48,泉州,1,U,U
STOP,17:13,17:15,莆田,1,U,U
STOP,17:34,17:37,福清,1,U,U
STOP,18:03,18:06,福州,1,U,U
STOP,18:40,18:42,南平北,1,U,U
STOP,18:58,19:00,建瓯西,1,U,U
STOP,19:16,19:18,武夷山东,1,U,U
STOP,20:27,20:31,衢州,1,U,U
STOP,20:43,20:44,龙游,1,U,U
STOP,20:59,21:01,金华,1,U,U
STOP,21:17,21:19,义乌,1,U,U
STOP,21:52,21:55,杭州东,5,U,U
PASS,22:00,22:00,J3,1,U,U
PASS,21:46,21:46,E2,1,U,U
STOP,22:18,22:20,嘉兴南,3,U,U
TERMINAL,22:47,23:02,上海虹桥,1,U,U
PASS,22:40,22:40,J4,1,U,U
TRAIN,G2366,上海虹桥,cr400bf,G,TO_MAIN_TERMINAL,(3)
INITIAL,15:13,15:28,邵阳,1,U,U
STOP,15:45,15:47,邵东,1,U,U
STOP,16:10,16:12,双峰北,1,U,U
STOP,16:24,16:27,娄底南,1,U,U
STOP,16:53,16:55,湘潭北,1,U,U
STOP,17:08,17:16,长沙南,1,U,U
STOP,17:58,18:00,宜春,1,U,U
STOP,18:15,18:17,新余北,1,U,U
STOP,18:39,18:41,高安,1,U,U
STOP,18:56,19:00,南昌西,1,U,U
STOP,19:34,19:36,鹰潭北,1,U,U
STOP,20:40,20:42,衢州,1,U,U
STOP,21:03,21:06,金华,1,U,U
STOP,21:22,21:24,义乌,1,U,U
STOP,21:57,22:00,杭州东,3,U,U
PASS,22:05,22:05,J3,1,U,U
PASS,21:51,21:51,E2,1,U,U
STOP,22:23,22:25,嘉兴南,1,U,U
TERMINAL,22:52,23:07,上海虹桥,3,U,U
PASS,22:45,22:45,J4,1,U,U
TRAIN,G1376,上海虹桥,crh380a,G,TO_MAIN_TERMINAL,过夜G1371(11道(5))
INITIAL,10:22,10:37,昆明南,1,U,U
STOP,11:12,11:14,曲靖北,1,U,U
STOP,11:31,11:33,富源北,1,U,U
STOP,11:45,11:47,盘州,1,U,U
STOP,12:33,12:35,安顺西,1,U,U
STOP,13:05,13:11,贵阳北,1,U,U
STOP,13:49,13:51,凯里南,1,U,U
STOP,14:27,14:29,铜仁南,1,U,U
STOP,14:58,15:01,怀化南,1,U,U
STOP,15:21,15:23,溆浦南,1,U,U
STOP,15:48,15:50,邵阳北,1,U,U
STOP,16:19,16:21,韶山南,1,U,U
STOP,16:43,16:55,长沙南,1,U,U
STOP,17:24,17:26,萍乡北,1,U,U
STOP,17:54,17:56,新余北,1,U,U
STOP,18:28,18:34,南昌西,1,U,U
STOP,19:00,19:02,抚州东,1,U,U
STOP,20:25,20:34,江山,1,U,U
STOP,20:45,20:47,衢州,1,U,U
STOP,21:09,21:11,金华,1,U,U
STOP,21:27,21:29,义乌,1,U,U
STOP,22:02,22:10,杭州东,1,U,U
PASS,22:15,22:15,J3,1,U,U
PASS,21:56,21:56,E2,1,U,U
TERMINAL,22:56,23:11,上海虹桥,5,U,U
PASS,22:49,22:49,J4,1,U,U
TRAIN,G1338,上海虹桥,crh3c,G,TO_MAIN_TERMINAL,过夜G1337(17道(1)->6)
INITIAL,9:48,10:03,南充北,1,U,U
STOP,10:54,10:56,合川,1,U,U
STOP,11:24,11:36,重庆西,1,U,U
STOP,12:54,13:01,遵义,1,U,U
STOP,13:49,13:56,贵阳东,1,U,U
STOP,14:30,14:34,凯里南,1,U,U
STOP,15:09,15:14,铜仁南,1,U,U
STOP,15:35,15:37,芷江,1,U,U
STOP,15:50,15:54,怀化南,1,U,U
STOP,16:26,16:28,新化南,1,U,U
STOP,17:05,17:07,韶山南,1,U,U
STOP,17:28,17:33,长沙南,1,U,U
STOP,18:02,18:04,萍乡北,1,U,U
STOP,18:32,18:34,新余北,1,U,U
STOP,18:56,18:58,高安,1,U,U
STOP,19:13,19:17,南昌西,1,U,U
STOP,20:44,20:46,江山,1,U,U
STOP,21:14,21:16,金华,1,U,U
STOP,21:32,21:34,义乌,1,U,U
STOP,22:07,22:15,杭州东,3,U,U
PASS,22:20,22:20,J3,1,U,U
PASS,22:01,22:01,E2,1,U,U
TERMINAL,23:00,23:15,上海虹桥,6,U,U
PASS,22:53,22:53,J4,1,U,U
TRAIN,G7462,上海虹桥,crh380d,G,TO_MAIN_TERMINAL,(1)
INITIAL,19:34,19:49,温州南,1,U,U
STOP,20:08,20:10,青田,1,U,U
STOP,20:29,20:31,丽水,1,U,U
STOP,20:44,20:46,缙云西,1,U,U
STOP,20:57,20:59,永康南,1,U,U
STOP,21:17,21:19,金华南,1,U,U
STOP,21:37,21:39,义乌,1,U,U
STOP,22:12,22:20,杭州东,5,U,U
PASS,22:25,22:25,J3,1,U,U
PASS,22:06,22:06,E2,1,U,U
TERMINAL,23:05,23:20,上海虹桥,1,U,U
PASS,22:58,22:58,J4,1,U,U
TRAIN,G1306,上海虹桥,crh380b,G,TO_MAIN_TERMINAL,(3)
INITIAL,15:23,15:38,广州南,1,U,U
STOP,17:23,17:25,衡阳东,1,U,U
STOP,18:06,18:12,长沙南,1,U,U
STOP,21:01,21:03,衢州,1,U,U
STOP,21:24,21:26,金华,1,U,U
STOP,21:42,21:44,义乌,1,U,U
STOP,22:17,22:25,杭州东,1,U,U
PASS,22:30,22:30,J3,1,U,U
PASS,22:11,22:11,E2,1,U,U
TERMINAL,23:10,23:25,上海虹桥,3,U,U
PASS,23:03,23:03,J4,1,U,U
TRAIN,G7536,上海虹桥,crh380b,G,TO_MAIN_TERMINAL,(5)
INITIAL,19:07,19:22,温州南,1,U,U
STOP,19:37,19:39,乐清,1,U,U
STOP,19:55,19:57,雁荡山,1,U,U
STOP,20:09,20:11,温岭,1,U,U
STOP,20:22,20:24,台州,1,U,U
STOP,20:35,20:37,临海,1,U,U
STOP,21:25,21:27,宁波,1,U,U
STOP,22:00,22:03,绍兴北,1,U,U
STOP,22:23,22:30,杭州东,3,U,U
PASS,22:35,22:35,J3,1,U,U
PASS,22:17,22:17,E2,1,U,U
TERMINAL,23:18,23:33,上海虹桥,5,U,U
PASS,23:11,23:11,J4,1,U,U
TRAIN,G1660,上海虹桥,cr400bf,G,TO_MAIN_TERMINAL,过夜G1633@12.25(3道(2))
INITIAL,16:54,17:09,厦门北,1,U,U
STOP,17:34,17:36,泉州,1,U,U
STOP,18:01,18:03,莆田,1,U,U
STOP,18:45,18:49,福州,1,U,U
STOP,19:14,19:16,古田北,1,U,U
STOP,19:30,19:32,南平北,1,U,U
STOP,19:59,20:01,武夷山东,1,U,U
STOP,21:28,21:31,金华,1,U,U
STOP,21:47,21:49,义乌,1,U,U
STOP,22:04,22:06,诸暨,1,U,U
STOP,22:29,22:39,杭州东,5,U,U
PASS,22:44,22:44,J3,1,U,U
PASS,22:23,22:23,E2,1,U,U
TERMINAL,23:26,23:41,上海虹桥,2,U,U
PASS,23:19,23:19,J4,1,U,U
