TRAIN,G7541,台州,icon,G,TO_OTHER_LINES,
INITIAL,5:45,6:00,上海虹桥,2,D,D
PASS,6:07,6:07,J4,2,D,D
STOP,6:33,6:35,桐乡,2,D,D
STOP,6:52,6:54,杭州东,2,D,D
PASS,6:47,6:47,J3,2,D,D
PASS,7:00,7:00,E2,2,D,D
STOP,7:13,7:16,绍兴北,2,D,D
STOP,7:50,7:56,宁波,2,D,D
STOP,8:13,8:15,奉化,2,D,D
STOP,8:41,8:43,三门县,2,D,D
STOP,8:54,8:56,临海,2,D,D
TERMINAL,9:10,9:25,台州,2,D,D
TRAIN,G1321,贵阳北,icon,G,TO_OTHER_LINES,
INITIAL,5:56,6:11,上海虹桥,2,D,D
PASS,6:18,6:18,J4,2,D,D
STOP,6:57,6:59,杭州东,4,D,D
PASS,6:52,6:52,J3,2,D,D
PASS,7:05,7:05,E2,2,D,D
STOP,7:22,7:24,诸暨,2,D,D
STOP,7:38,7:40,义乌,2,D,D
STOP,7:56,7:58,金华,2,D,D
STOP,8:13,8:15,龙游,2,D,D
STOP,8:26,8:28,衢州,2,D,D
STOP,8:43,8:46,江山,2,D,D
STOP,11:30,11:32,醴陵东,2,D,D
STOP,11:57,12:02,长沙南,2,D,D
STOP,12:25,12:27,韶山南,2,D,D
STOP,12:44,12:46,娄底南,2,D,D
STOP,13:10,13:12,新化南,2,D,D
STOP,13:45,13:48,怀化南,2,D,D
STOP,14:12,14:14,新晃西,2,D,D
STOP,14:33,14:35,三穗,2,D,D
STOP,15:18,15:20,贵定北,2,D,D
TERMINAL,15:40,15:55,贵阳北,2,D,D
TRAIN,G7331,温州南,icon,G,TO_OTHER_LINES,
INITIAL,6:02,6:17,上海虹桥,2,D,D
PASS,6:24,6:24,J4,2,D,D
STOP,6:44,6:46,嘉兴南,2,D,D
STOP,7:04,7:06,余杭,2,D,D
STOP,7:16,7:18,杭州东,2,D,D
PASS,7:11,7:11,J3,2,D,D
PASS,7:24,7:24,E2,2,D,D
STOP,7:41,7:42,诸暨,2,D,D
STOP,7:56,7:58,义乌,2,D,D
STOP,8:15,8:17,金华南,2,D,D
STOP,8:36,8:38,永康南,2,D,D
STOP,8:48,8:50,缙云西,2,D,D
STOP,9:03,9:05,丽水,2,D,D
TERMINAL,9:41,9:56,温州南,2,D,D
TRAIN,G7333,温州南,icon,G,TO_OTHER_LINES,
INITIAL,6:14,6:29,上海虹桥,2,D,D
PASS,6:36,6:36,J4,2,D,D
STOP,7:06,7:08,海宁西,2,D,D
STOP,7:21,7:26,杭州东,6,D,D
PASS,7:16,7:16,J3,2,D,D
PASS,7:32,7:32,E2,2,D,D
STOP,7:49,7:51,诸暨,2,D,D
STOP,8:05,8:07,义乌,2,D,D
STOP,8:24,8:26,金华南,2,D,D
STOP,8:37,8:39,武义北,2,D,D
STOP,8:57,8:59,缙云西,2,D,D
STOP,9:12,9:14,丽水,2,D,D
STOP,9:34,9:36,青田,2,D,D
TERMINAL,9:56,10:11,温州南,2,D,D
TRAIN,G7301,杭州,icon,G,TO_SUB_TERMINAL,
INITIAL,6:20,6:35,上海虹桥,2,D,D
PASS,6:42,6:42,J4,2,D,D
STOP,7:02,7:04,嘉兴南,2,D,D
STOP,7:22,7:24,余杭,2,D,D
TERMINAL,7:40,7:49,杭州,3,D,D
PASS,7:33,7:33,J2,2,D,D
PASS,7:28,7:28,J3,2,D,D
TRAIN,D3145,赣州,icon,D,TO_OTHER_LINES,
INITIAL,6:25,6:40,上海虹桥,2,D,D
PASS,6:47,6:47,J4,2,D,D
STOP,7:08,7:10,嘉兴南,4,D,D
STOP,7:26,7:28,海宁西,2,D,D
STOP,7:41,7:43,杭州东,6,D,D
PASS,7:36,7:36,J3,2,D,D
PASS,7:49,7:49,E2,2,D,D
STOP,8:02,8:04,绍兴北,2,D,D
STOP,8:16,8:21,绍兴东,2,D,D
STOP,8:32,8:38,余姚北,2,D,D
STOP,8:59,9:08,宁波,2,D,D
STOP,9:54,9:56,临海,2,D,D
STOP,10:08,10:10,台州,2,D,D
STOP,10:41,10:43,乐清,2,D,D
STOP,10:58,11:00,温州南,2,D,D
STOP,11:11,11:13,瑞安,2,D,D
STOP,11:23,11:25,鳌江,2,D,D
STOP,12:13,12:15,福安,2,D,D
STOP,12:45,12:48,连江,2,D,D
STOP,13:08,13:16,福州南,2,D,D
STOP,13:46,13:52,莆田,2,D,D
STOP,14:17,14:20,泉州,2,D,D
STOP,14:45,14:58,厦门北,2,D,D
STOP,15:28,15:30,南靖,2,D,D
STOP,16:01,16:05,龙岩,2,D,D
STOP,16:21,16:23,古田会址,2,D,D
STOP,16:40,16:42,冠豸山,2,D,D
STOP,16:59,17:01,长汀南,2,D,D
STOP,17:17,17:19,瑞金,2,D,D
STOP,17:47,17:49,于都,2,D,D
TERMINAL,18:16,18:31,赣州,2,D,D
TRAIN,G1383,龙游,icon,G,TO_OTHER_LINES,
INITIAL,6:30,6:45,上海虹桥,2,D,D
PASS,6:52,6:52,J4,2,D,D
STOP,7:12,7:15,嘉兴南,2,D,D
STOP,7:26,7:28,桐乡,2,D,D
STOP,7:46,7:48,杭州东,2,D,D
PASS,7:41,7:41,J3,2,D,D
PASS,7:54,7:54,E2,2,D,D
STOP,8:11,8:13,诸暨,2,D,D
STOP,8:27,8:29,义乌,2,D,D
TERMINAL,8:55,9:10,龙游,2,D,D
TRAIN,G7501,苍南,icon,G,TO_OTHER_LINES,
INITIAL,6:35,6:50,上海虹桥,2,D,D
PASS,6:57,6:57,J4,2,D,D
STOP,7:13,7:15,嘉善南,2,D,D
STOP,7:24,7:26,嘉兴南,2,D,D
STOP,7:44,7:46,余杭,2,D,D
STOP,7:56,7:58,杭州东,4,D,D
PASS,7:51,7:51,J3,2,D,D
PASS,8:04,8:04,E2,2,D,D
STOP,8:17,8:21,绍兴北,2,D,D
STOP,8:53,8:56,宁波,2,D,D
STOP,9:24,9:26,宁海,2,D,D
STOP,10:09,10:11,温岭,2,D,D
STOP,10:46,10:50,温州南,2,D,D
STOP,11:01,11:03,瑞安,2,D,D
STOP,11:13,11:16,鳌江,2,D,D
TERMINAL,11:27,11:42,苍南,2,D,D
TRAIN,G1651,厦门北,icon,G,TO_OTHER_LINES,
INITIAL,6:40,6:55,上海虹桥,2,D,D
PASS,7:02,7:02,J4,2,D,D
STOP,7:21,7:23,嘉善南,2,D,D
STOP,7:40,7:42,桐乡,2,D,D
STOP,8:00,8:03,杭州东,6,D,D
PASS,7:55,7:55,J3,2,D,D
PASS,8:09,8:09,E2,2,D,D
STOP,8:26,8:28,诸暨,2,D,D
STOP,8:42,8:44,义乌,2,D,D
STOP,9:00,9:02,金华,2,D,D
STOP,11:00,11:02,南平北,2,D,D
STOP,11:39,11:46,福州,2,D,D
STOP,12:29,12:33,莆田,2,D,D
STOP,12:58,13:00,泉州,2,D,D
TERMINAL,13:26,13:41,厦门北,2,D,D
TRAIN,D379,厦门北,icon,D,TO_OTHER_LINES,
INITIAL,6:47,7:02,上海虹桥,2,D,D
PASS,7:09,7:09,J4,2,D,D
STOP,7:20,7:26,金山北,2,D,D
STOP,7:40,7:43,嘉兴南,4,D,D
STOP,8:08,8:13,杭州东,4,D,D
PASS,8:03,8:03,J3,2,D,D
PASS,8:19,8:19,E2,2,D,D
STOP,8:32,8:34,绍兴北,2,D,D
STOP,8:46,8:48,绍兴东,2,D,D
STOP,9:16,9:21,宁波,2,D,D
STOP,9:38,9:40,奉化,2,D,D
STOP,10:21,10:23,台州,2,D,D
STOP,10:34,10:36,温岭,2,D,D
STOP,11:00,11:02,乐清,2,D,D
STOP,11:11,11:13,永嘉,2,D,D
STOP,11:23,11:25,温州南,2,D,D
STOP,12:01,12:03,福鼎,2,D,D
STOP,12:33,12:35,福安,2,D,D
STOP,13:20,13:24,福州南,2,D,D
STOP,13:54,13:57,莆田,2,D,D
STOP,14:22,14:25,泉州,2,D,D
TERMINAL,14:51,15:06,厦门北,2,D,D
TRAIN,G7543,温州南,icon,G,TO_OTHER_LINES,
INITIAL,6:52,7:07,上海虹桥,2,D,D
PASS,7:14,7:14,J4,2,D,D
STOP,7:36,7:38,嘉兴南,2,D,D
STOP,8:04,8:08,杭州东,2,D,D
PASS,7:59,7:59,J3,2,D,D
PASS,8:14,8:14,E2,2,D,D
STOP,8:27,8:29,绍兴北,2,D,D
STOP,8:47,8:50,余姚北,2,D,D
STOP,9:11,9:13,宁波,2,D,D
STOP,9:41,9:43,宁海,2,D,D
STOP,10:13,10:15,台州,2,D,D
STOP,10:40,10:42,绅坊,2,D,D
TERMINAL,11:05,11:20,温州南,2,D,D
TRAIN,G2365,邵阳,icon,G,TO_OTHER_LINES,
INITIAL,6:57,7:12,上海虹桥,2,D,D
PASS,7:19,7:19,J4,2,D,D
STOP,7:26,7:28,松江南,2,D,D
STOP,7:46,7:48,嘉兴南,2,D,D
STOP,8:03,8:05,海宁西,2,D,D
STOP,8:18,8:20,杭州东,6,D,D
PASS,8:13,8:13,J3,2,D,D
PASS,8:26,8:26,E2,2,D,D
STOP,8:52,8:54,义乌,2,D,D
STOP,9:10,9:13,金华,2,D,D
STOP,11:11,11:16,南昌西,2,D,D
STOP,11:48,11:56,新余北,2,D,D
STOP,12:24,12:26,萍乡北,2,D,D
STOP,12:38,12:44,醴陵东,2,D,D
STOP,13:09,13:12,长沙南,2,D,D
STOP,13:47,13:49,娄底南,2,D,D
STOP,14:04,14:06,双峰北,2,D,D
STOP,14:30,14:32,邵东,2,D,D
TERMINAL,14:52,15:07,邵阳,2,D,D
TRAIN,G1371,昆明南,icon,G,TO_OTHER_LINES,
INITIAL,7:07,7:22,上海虹桥,2,D,D
PASS,7:29,7:29,J4,2,D,D
STOP,7:50,7:53,嘉兴南,4,D,D
STOP,8:04,8:06,桐乡,2,D,D
STOP,8:23,8:25,杭州东,2,D,D
PASS,8:18,8:18,J3,2,D,D
PASS,8:31,8:31,E2,2,D,D
STOP,8:57,8:59,义乌,2,D,D
STOP,9:15,9:18,金华,2,D,D
STOP,9:39,9:46,衢州,2,D,D
STOP,11:18,11:22,南昌西,2,D,D
STOP,12:17,12:19,萍乡北,2,D,D
STOP,12:51,12:55,长沙南,2,D,D
STOP,13:09,13:11,湘潭北,2,D,D
STOP,13:37,13:39,娄底南,2,D,D
STOP,13:55,13:57,邵阳北,2,D,D
STOP,14:38,14:42,怀化南,2,D,D
STOP,14:54,14:56,芷江,2,D,D
STOP,15:17,15:19,铜仁南,2,D,D
STOP,15:54,15:57,凯里南,2,D,D
STOP,16:35,16:49,贵阳北,2,D,D
STOP,17:09,17:11,平坝南,2,D,D
STOP,17:26,17:28,安顺西,2,D,D
STOP,18:15,18:17,盘州,2,D,D
STOP,18:41,18:43,曲靖北,2,D,D
TERMINAL,19:18,19:33,昆明南,2,D,D
TRAIN,G7395,南京南,icon,G,TO_OTHER_LINES,拆分自G7395
INITIAL,7:12,7:27,上海虹桥,2,D,D
PASS,7:34,7:34,J4,2,D,D
STOP,7:50,7:52,嘉善南,2,D,D
STOP,8:01,8:03,嘉兴南,2,D,D
PASS,8:26,8:26,J2,2,D,D
PASS,8:21,8:21,J3,2,D,D
TERMINAL,8:33,8:41,杭州,4,D,U
TRAIN,G7398,南京南,icon,G,TO_OTHER_LINES,拆分自G7395
INITIAL,8:41,8:49,杭州,4,D,U
PASS,9:01,9:01,J1,2,U,U
PASS,9:03,9:03,E1,2,U,U
STOP,9:09,9:11,德清,2,D,D
STOP,9:24,9:26,湖州,2,D,D
STOP,9:35,9:43,长兴,2,D,D
STOP,9:56,10:04,宜兴,2,D,D
STOP,10:15,10:17,溧阳,2,D,D
STOP,10:28,10:30,瓦屋山,2,D,D
TERMINAL,10:51,11:06,南京南,2,D,D
TRAIN,G1341,长沙南,icon,G,TO_OTHER_LINES,
INITIAL,7:17,7:32,上海虹桥,2,D,D
PASS,7:39,7:39,J4,2,D,D
STOP,7:50,7:52,金山北,2,D,D
STOP,8:06,8:08,嘉兴南,4,D,D
STOP,8:31,8:35,杭州东,6,D,D
PASS,8:26,8:26,J3,2,D,D
PASS,8:41,8:41,E2,2,D,D
STOP,9:07,9:09,义乌,2,D,D
STOP,9:25,9:30,金华,2,D,D
STOP,9:51,9:53,衢州,2,D,D
STOP,11:15,11:17,进贤南,2,D,D
STOP,11:35,11:38,南昌西,2,D,D
STOP,12:20,12:22,宜春,2,D,D
STOP,12:40,12:42,萍乡北,2,D,D
TERMINAL,13:14,13:29,长沙南,2,D,D
TRAIN,D3131,龙岩,icon,D,TO_OTHER_LINES,
INITIAL,7:22,7:37,上海虹桥,2,D,D
PASS,7:44,7:44,J4,2,D,D
STOP,7:51,7:52,松江南,2,D,D
STOP,8:11,8:13,嘉兴南,2,D,D
STOP,8:38,8:42,杭州东,4,D,D
PASS,8:33,8:33,J3,2,D,D
PASS,8:48,8:48,E2,2,D,D
STOP,9:01,9:03,绍兴北,2,D,D
STOP,9:22,9:25,余姚北,2,D,D
STOP,9:46,9:52,宁波,2,D,D
STOP,10:20,10:22,宁海,2,D,D
STOP,10:37,10:39,三门县,2,D,D
STOP,11:05,11:07,温岭,2,D,D
STOP,11:25,11:27,绅坊,2,D,D
STOP,11:48,11:50,温州南,2,D,D
STOP,12:01,12:03,瑞安,2,D,D
STOP,13:05,13:07,宁德,2,D,D
STOP,13:19,13:21,罗源,2,D,D
STOP,13:51,13:55,福州南,2,D,D
STOP,14:25,14:27,莆田,2,D,D
STOP,14:52,14:56,泉州,2,D,D
STOP,15:22,15:30,厦门北,2,D,D
STOP,16:04,16:06,南靖,2,D,D
TERMINAL,16:37,16:52,龙岩,2,D,D
TRAIN,D2287,深圳北,icon,D,TO_OTHER_LINES,
INITIAL,7:31,7:46,上海虹桥,2,D,D
PASS,7:53,7:53,J4,2,D,D
STOP,8:10,8:28,嘉善南,2,D,D
STOP,8:37,8:42,嘉兴南,2,D,D
STOP,9:07,9:09,杭州东,2,D,D
PASS,9:02,9:02,J3,2,D,D
PASS,9:15,9:15,E2,2,D,D
STOP,9:28,9:30,绍兴北,2,D,D
STOP,9:49,9:52,余姚北,2,D,D
STOP,10:13,10:17,宁波,2,D,D
STOP,10:56,10:58,三门县,2,D,D
STOP,11:31,11:33,雁荡山,2,D,D
STOP,11:50,11:52,乐清,2,D,D
STOP,12:07,12:09,温州南,2,D,D
STOP,12:26,12:28,鳌江,2,D,D
STOP,12:50,12:52,福鼎,2,D,D
STOP,13:21,13:23,福安,2,D,D
STOP,14:09,14:14,福州南,2,D,D
STOP,14:44,14:46,莆田,2,D,D
STOP,15:11,15:13,泉州,2,D,D
STOP,15:39,15:43,厦门北,2,D,D
STOP,16:02,16:04,漳州,2,D,D
STOP,16:49,16:51,饶平,2,D,D
STOP,17:29,17:31,普宁,2,D,D
STOP,18:28,18:30,惠东,2,D,D
STOP,18:51,18:53,深圳坪山,2,D,D
TERMINAL,19:20,19:35,深圳北,2,D,D
TRAIN,G1631,福州,icon,G,TO_OTHER_LINES,
INITIAL,7:39,7:54,上海虹桥,2,D,D
PASS,8:01,8:01,J4,2,D,D
STOP,8:27,8:32,桐乡,2,D,D
STOP,8:49,8:52,杭州东,2,D,D
PASS,8:44,8:44,J3,2,D,D
PASS,8:58,8:58,E2,2,D,D
STOP,9:15,9:17,诸暨,2,D,D
STOP,9:42,9:48,金华,2,D,D
STOP,11:36,11:38,南平北,2,D,D
TERMINAL,12:15,12:30,福州,2,D,D
TRAIN,G85,广州南,icon,G,TO_OTHER_LINES,
INITIAL,7:45,8:00,上海虹桥,2,D,D
PASS,8:07,8:07,J4,2,D,D
STOP,8:45,8:47,杭州东,6,D,D
PASS,8:40,8:40,J3,2,D,D
PASS,8:53,8:53,E2,2,D,D
STOP,12:25,12:28,长沙南,2,D,D
TERMINAL,14:51,15:06,广州南,2,D,D
TRAIN,G7503,台州,icon,G,TO_OTHER_LINES,
INITIAL,6:59,7:14,苏州,2,D,D
STOP,7:21,7:26,苏州园区,2,D,D
STOP,7:38,7:40,昆山南,2,D,D
STOP,7:58,8:04,上海虹桥2,20,D,D
PASS,8:08,8:08,J5,2,D,D
PASS,8:11,8:11,J4,2,D,D
PASS,7:53,7:53,E4,2,D,D
STOP,8:32,8:34,嘉兴南,4,D,D
STOP,8:57,8:59,杭州东,4,D,D
PASS,8:52,8:52,J3,2,D,D
PASS,9:05,9:05,E2,2,D,D
STOP,9:18,9:20,绍兴北,2,D,D
STOP,9:52,10:00,宁波,2,D,D
STOP,10:17,10:19,奉化,2,D,D
STOP,10:34,10:36,宁海,2,D,D
TERMINAL,11:06,11:21,台州,2,D,D
TRAIN,G7549,宁波,icon,G,TO_OTHER_LINES,
INITIAL,7:55,8:10,上海虹桥,2,D,D
PASS,8:17,8:17,J4,2,D,D
STOP,8:28,8:33,金山北,2,D,D
STOP,8:47,8:49,嘉兴南,4,D,D
STOP,9:12,9:14,杭州东,4,D,D
PASS,9:07,9:07,J3,2,D,D
PASS,9:20,9:20,E2,2,D,D
STOP,9:33,9:35,绍兴北,2,D,D
STOP,9:46,9:48,绍兴东,2,D,D
STOP,10:00,10:02,余姚北,2,D,D
TERMINAL,10:22,10:37,宁波,2,D,D
TRAIN,G1653,厦门北,icon,G,TO_OTHER_LINES,
INITIAL,8:00,8:15,上海虹桥,2,D,D
PASS,8:22,8:22,J4,2,D,D
STOP,9:01,9:04,杭州东,6,D,D
PASS,8:56,8:56,J3,2,D,D
PASS,9:10,9:10,E2,2,D,D
STOP,11:55,11:59,福州,2,D,D
STOP,12:41,12:44,莆田,2,D,D
TERMINAL,13:31,13:46,厦门北,2,D,D
TRAIN,D3201,厦门北,icon,D,TO_OTHER_LINES,
INITIAL,8:05,8:20,上海虹桥,2,D,D
PASS,8:27,8:27,J4,2,D,D
STOP,8:34,8:39,松江南,2,D,D
STOP,8:58,9:01,嘉兴南,4,D,D
STOP,9:28,9:31,杭州东,4,D,D
PASS,9:23,9:23,J3,2,D,D
PASS,9:37,9:37,E2,2,D,D
STOP,9:50,9:52,绍兴北,2,D,D
STOP,10:04,10:06,绍兴东,2,D,D
STOP,10:28,10:30,庄桥,2,D,D
STOP,10:41,10:47,宁波,2,D,D
STOP,11:33,11:35,临海,2,D,D
STOP,11:54,11:56,温岭,2,D,D
STOP,12:31,12:33,温州南,2,D,D
STOP,12:44,12:46,瑞安,2,D,D
STOP,12:56,12:58,鳌江,2,D,D
STOP,13:09,13:11,苍南,2,D,D
STOP,13:43,13:45,霞浦,2,D,D
STOP,14:24,14:26,连江,2,D,D
STOP,14:46,14:50,福州南,2,D,D
STOP,15:20,15:33,莆田,2,D,D
STOP,15:58,16:00,泉州,2,D,D
TERMINAL,16:26,16:41,厦门北,2,D,D
TRAIN,G1337,南充北,icon,G,TO_OTHER_LINES,
INITIAL,8:10,8:25,上海虹桥,2,D,D
PASS,8:32,8:32,J4,2,D,D
STOP,8:52,8:54,嘉兴南,2,D,D
STOP,9:12,9:14,余杭,2,D,D
STOP,9:24,9:26,杭州东,2,D,D
PASS,9:19,9:19,J3,2,D,D
PASS,9:32,9:32,E2,2,D,D
STOP,9:49,9:51,诸暨,2,D,D
STOP,10:05,10:07,义乌,2,D,D
STOP,10:23,10:25,金华,2,D,D
STOP,10:46,10:51,衢州,2,D,D
STOP,12:27,12:33,南昌西,2,D,D
STOP,13:05,13:07,新余北,2,D,D
STOP,13:35,13:38,萍乡北,2,D,D
STOP,14:10,14:14,长沙南,2,D,D
STOP,15:00,15:02,邵阳北,2,D,D
STOP,15:43,15:47,怀化南,2,D,D
STOP,16:45,16:48,凯里南,2,D,D
STOP,17:22,17:30,贵阳东,2,D,D
STOP,18:19,18:21,遵义,2,D,D
STOP,18:43,18:45,桐梓东,2,D,D
STOP,19:24,19:27,綦江东,2,D,D
STOP,19:57,20:17,重庆西,2,D,D
STOP,21:06,21:10,武胜,2,D,D
TERMINAL,21:36,21:51,南充北,2,D,D
TRAIN,G7325,温州南,icon,G,TO_OTHER_LINES,
INITIAL,8:15,8:30,上海虹桥,2,D,D
PASS,8:37,8:37,J4,2,D,D
STOP,8:45,8:57,松江南,2,D,D
STOP,9:15,9:24,嘉兴南,2,D,D
STOP,9:39,9:45,海宁西,2,D,D
STOP,9:58,10:04,杭州东,2,D,D
PASS,9:53,9:53,J3,2,D,D
PASS,10:10,10:10,E2,2,D,D
STOP,10:27,10:32,诸暨,2,D,D
STOP,10:47,10:50,义乌,2,D,D
STOP,11:14,11:16,武义北,2,D,D
STOP,11:28,11:30,永康南,2,D,D
STOP,11:40,11:42,缙云西,2,D,D
STOP,11:55,11:57,丽水,2,D,D
TERMINAL,12:33,12:48,温州南,2,D,D
TRAIN,G7357,杭州,icon,G,TO_SUB_TERMINAL,
INITIAL,7:50,8:05,上海,2,D,D
STOP,8:32,8:36,上海虹桥2,20,D,D
PASS,8:40,8:40,J5,2,D,D
PASS,8:43,8:43,J4,2,D,D
PASS,8:27,8:27,E4,2,D,D
STOP,9:05,9:07,嘉兴南,2,D,D
STOP,9:26,9:28,余杭,2,D,D
TERMINAL,9:46,9:55,杭州,4,D,D
PASS,9:39,9:39,J2,2,D,D
PASS,9:34,9:34,J3,2,D,D
TRAIN,G1509,黄山北,icon,G,TO_OTHER_LINES,
INITIAL,8:27,8:42,上海虹桥,2,D,D
PASS,8:49,8:49,J4,2,D,D
STOP,9:10,9:12,嘉兴南,4,D,D
STOP,9:28,9:33,海宁西,2,D,D
STOP,9:46,9:49,杭州东,6,D,D
PASS,9:41,9:41,J3,2,D,D
PASS,9:55,9:55,E2,2,D,D
STOP,10:21,10:23,义乌,2,D,D
STOP,10:39,10:41,金华,2,D,D
STOP,11:02,11:04,衢州,2,D,D
STOP,12:24,12:37,德兴,2,D,D
STOP,12:49,12:51,婺源,2,D,D
TERMINAL,13:15,13:30,黄山北,2,D,D
TRAIN,D3125,深圳北,icon,D,TO_OTHER_LINES,
INITIAL,6:22,6:37,南京,2,D,D
STOP,7:09,7:11,丹阳,2,D,D
STOP,7:27,7:29,常州,2,D,D
STOP,7:43,7:46,无锡,2,D,D
STOP,8:01,8:03,苏州,2,D,D
STOP,8:16,8:26,昆山南,2,D,D
STOP,8:46,8:49,上海虹桥2,20,D,D
PASS,8:53,8:53,J5,2,D,D
PASS,8:56,8:56,J4,2,D,D
PASS,8:41,8:41,E4,2,D,D
STOP,9:14,9:23,嘉善南,2,D,D
STOP,9:31,9:34,嘉兴南,2,D,D
STOP,9:45,9:50,桐乡,2,D,D
STOP,10:09,10:14,杭州东,4,D,D
PASS,10:04,10:04,J3,2,D,D
PASS,10:20,10:20,E2,2,D,D
STOP,10:33,10:35,绍兴北,2,D,D
STOP,10:54,10:56,余姚北,2,D,D
STOP,11:18,11:25,宁波,2,D,D
STOP,12:11,12:13,临海,2,D,D
STOP,12:52,13:00,乐清,2,D,D
STOP,13:15,13:17,温州南,2,D,D
STOP,13:28,13:30,瑞安,2,D,D
STOP,13:46,13:48,苍南,2,D,D
STOP,14:20,14:22,霞浦,2,D,D
STOP,15:01,15:04,连江,2,D,D
STOP,15:24,15:29,福州南,2,D,D
STOP,15:59,16:01,莆田,2,D,D
STOP,16:26,16:28,泉州,2,D,D
STOP,16:53,16:57,厦门北,2,D,D
STOP,17:31,17:33,漳浦,2,D,D
STOP,17:56,17:58,诏安,2,D,D
STOP,18:21,18:24,潮汕,2,D,D
STOP,18:36,18:38,潮阳,2,D,D
STOP,19:15,19:17,陆丰,2,D,D
STOP,20:04,20:06,惠州南,2,D,D
TERMINAL,20:39,20:54,深圳北,2,D,D
TRAIN,G1373,昆明南,icon,G,TO_OTHER_LINES,
INITIAL,8:40,8:55,上海虹桥,2,D,D
PASS,9:02,9:02,J4,2,D,D
STOP,9:42,9:44,杭州东,2,D,D
PASS,9:37,9:37,J3,2,D,D
PASS,9:50,9:50,E2,2,D,D
STOP,10:28,10:30,金华,2,D,D
STOP,13:05,13:08,宜春,2,D,D
STOP,13:51,13:54,长沙南,2,D,D
STOP,14:29,14:31,娄底南,2,D,D
STOP,15:23,15:27,怀化南,2,D,D
STOP,16:07,16:09,三穗,2,D,D
STOP,16:34,16:36,凯里南,2,D,D
STOP,17:14,17:19,贵阳北,2,D,D
STOP,17:49,17:51,安顺西,2,D,D
STOP,18:57,18:59,曲靖北,2,D,D
TERMINAL,19:34,19:49,昆明南,2,D,D
TRAIN,G7505,宁波,icon,G,TO_OTHER_LINES,
INITIAL,6:58,7:13,南京南,2,D,D
STOP,7:32,7:34,镇江南,2,D,D
STOP,7:51,7:53,常州北,2,D,D
STOP,8:10,8:12,无锡东,2,D,D
STOP,8:23,8:25,苏州北,2,D,D
STOP,8:36,8:38,昆山南,2,D,D
STOP,8:55,9:00,上海虹桥,2,D,D
PASS,9:07,9:07,J4,2,D,D
PASS,8:50,8:50,E3,2,D,D
STOP,9:27,9:29,嘉兴南,4,D,D
STOP,9:54,9:58,杭州东,4,D,D
PASS,9:49,9:49,J3,2,D,D
PASS,10:04,10:04,E2,2,D,D
STOP,10:17,10:19,绍兴北,2,D,D
STOP,10:37,10:40,余姚北,2,D,D
TERMINAL,10:59,11:14,宁波,2,D,D
TRAIN,D2285,深圳北,icon,D,TO_OTHER_LINES,
INITIAL,8:50,9:05,上海虹桥,2,D,D
PASS,9:12,9:12,J4,2,D,D
STOP,9:19,9:24,松江南,2,D,D
STOP,9:42,9:46,嘉兴南,2,D,D
STOP,10:05,10:07,余杭,2,D,D
STOP,10:18,10:20,杭州东,2,D,D
PASS,10:13,10:13,J3,2,D,D
PASS,10:26,10:26,E2,2,D,D
STOP,10:39,10:41,绍兴北,2,D,D
STOP,11:00,11:02,余姚北,2,D,D
STOP,11:23,11:31,宁波,2,D,D
STOP,12:10,12:12,三门县,2,D,D
STOP,12:31,12:33,台州,2,D,D
STOP,12:44,12:46,温岭,2,D,D
STOP,13:04,13:06,绅坊,2,D,D
STOP,13:27,13:29,温州南,2,D,D
STOP,13:46,13:48,鳌江,2,D,D
STOP,14:10,14:12,福鼎,2,D,D
STOP,14:49,14:52,宁德,2,D,D
STOP,15:30,15:35,福州南,2,D,D
STOP,16:05,16:07,莆田,2,D,D
STOP,16:32,16:34,泉州,2,D,D
STOP,16:59,17:03,厦门北,2,D,D
STOP,17:23,17:25,漳州,2,D,D
STOP,17:53,17:55,云霄,2,D,D
STOP,18:15,18:17,饶平,2,D,D
STOP,18:34,18:36,潮汕,2,D,D
STOP,19:12,19:15,葵潭,2,D,D
STOP,20:11,20:13,惠州南,2,D,D
TERMINAL,20:46,21:01,深圳北,2,D,D
TRAIN,G7349,温州南,icon,G,TO_OTHER_LINES,
INITIAL,7:15,7:30,南京南,2,D,D
STOP,7:49,7:51,镇江南,2,D,D
STOP,8:08,8:10,常州北,2,D,D
STOP,8:27,8:29,无锡东,2,D,D
STOP,8:40,8:42,苏州北,2,D,D
STOP,9:07,9:10,上海虹桥,2,D,D
PASS,9:17,9:17,J4,2,D,D
PASS,9:02,9:02,E3,2,D,D
STOP,9:37,9:40,嘉兴南,4,D,D
STOP,10:04,10:09,杭州东,6,D,D
PASS,9:59,9:59,J3,2,D,D
PASS,10:15,10:15,E2,2,D,D
STOP,10:42,10:45,义乌,2,D,D
STOP,11:17,11:19,永康南,2,D,D
STOP,11:29,11:31,缙云西,2,D,D
STOP,11:44,11:46,丽水,2,D,D
STOP,12:05,12:07,青田,2,D,D
TERMINAL,12:27,12:42,温州南,2,D,D
TRAIN,G7581,温州南,icon,G,TO_OTHER_LINES,
INITIAL,6:32,6:47,南京南,2,D,D
STOP,7:15,7:20,镇江,2,D,D
STOP,7:34,7:36,丹阳,2,D,D
STOP,7:50,7:52,常州,2,D,D
STOP,8:07,8:09,无锡,2,D,D
STOP,8:24,8:28,苏州,2,D,D
STOP,8:43,8:51,昆山南,2,D,D
STOP,9:11,9:16,上海虹桥2,20,D,D
PASS,9:20,9:20,J5,2,D,D
PASS,9:23,9:23,J4,2,D,D
PASS,9:06,9:06,E4,2,D,D
STOP,9:42,9:47,嘉善南,2,D,D
STOP,9:55,9:57,嘉兴南,2,D,D
STOP,10:08,10:14,桐乡,2,D,D
STOP,10:32,10:36,杭州东,2,D,D
PASS,10:27,10:27,J3,2,D,D
PASS,10:42,10:42,E2,2,D,D
STOP,10:55,10:57,绍兴北,2,D,D
STOP,11:33,11:36,宁波,2,D,D
STOP,11:53,11:55,奉化,2,D,D
STOP,12:28,12:30,临海,2,D,D
STOP,12:42,12:44,台州,2,D,D
STOP,13:02,13:04,雁荡山,2,D,D
STOP,13:26,13:28,永嘉,2,D,D
TERMINAL,13:39,13:54,温州南,2,D,D
TRAIN,G1655,厦门北,icon,G,TO_OTHER_LINES,
INITIAL,9:08,9:23,上海虹桥,2,D,D
PASS,9:30,9:30,J4,2,D,D
STOP,9:51,9:52,嘉兴南,4,D,D
STOP,10:07,10:09,海宁西,2,D,D
STOP,10:23,10:26,杭州东,6,D,D
PASS,10:18,10:18,J3,2,D,D
PASS,10:32,10:32,E2,2,D,D
STOP,10:58,11:00,义乌,2,D,D
STOP,12:54,12:56,建瓯西,2,D,D
STOP,13:12,13:14,南平北,2,D,D
STOP,13:35,13:37,闽清北,2,D,D
STOP,13:58,14:07,福州,2,D,D
STOP,14:49,14:52,莆田,2,D,D
STOP,15:17,15:19,泉州,2,D,D
TERMINAL,15:44,15:59,厦门北,2,D,D
TRAIN,G1377,昆明南,icon,G,TO_OTHER_LINES,
INITIAL,7:24,7:39,南京南,2,D,D
STOP,7:58,8:00,镇江南,2,D,D
STOP,8:17,8:19,常州北,2,D,D
STOP,8:36,8:39,无锡东,2,D,D
STOP,8:50,8:52,苏州北,2,D,D
STOP,9:03,9:05,昆山南,2,D,D
STOP,9:22,9:28,上海虹桥,2,D,D
PASS,9:35,9:35,J4,2,D,D
PASS,9:17,9:17,E3,2,D,D
STOP,9:46,9:48,金山北,2,D,D
STOP,10:02,10:04,嘉兴南,4,D,D
STOP,10:27,10:31,杭州东,4,D,D
PASS,10:22,10:22,J3,2,D,D
PASS,10:37,10:37,E2,2,D,D
STOP,11:03,11:05,义乌,2,D,D
STOP,11:21,11:23,金华,2,D,D
STOP,13:21,13:25,南昌西,2,D,D
STOP,14:07,14:09,宜春,2,D,D
STOP,14:53,15:02,长沙南,2,D,D
STOP,15:25,15:27,韶山南,2,D,D
STOP,15:44,15:46,娄底南,2,D,D
STOP,16:02,16:04,邵阳北,2,D,D
STOP,16:45,16:48,怀化南,2,D,D
STOP,17:00,17:02,芷江,2,D,D
STOP,17:23,17:25,铜仁南,2,D,D
STOP,17:40,17:42,三穗,2,D,D
STOP,18:07,18:09,凯里南,2,D,D
STOP,18:47,18:52,贵阳北,2,D,D
STOP,19:21,19:23,安顺西,2,D,D
STOP,19:38,19:40,关岭,2,D,D
STOP,20:17,20:19,盘州,2,D,D
STOP,20:43,20:45,曲靖北,2,D,D
TERMINAL,21:20,21:35,昆明南,2,D,D
TRAIN,D3205,厦门北,icon,D,TO_OTHER_LINES,
INITIAL,9:20,9:35,上海虹桥,2,D,D
PASS,9:42,9:42,J4,2,D,D
STOP,10:07,10:09,嘉兴南,2,D,D
STOP,10:36,10:41,杭州东,6,D,D
PASS,10:31,10:31,J3,2,D,D
PASS,10:47,10:47,E2,2,D,D
STOP,11:00,11:02,绍兴北,2,D,D
STOP,11:14,11:19,绍兴东,2,D,D
STOP,11:30,11:32,余姚北,2,D,D
STOP,11:53,12:00,宁波,2,D,D
STOP,12:39,12:41,三门县,2,D,D
STOP,13:00,13:02,台州,2,D,D
STOP,13:13,13:15,温岭,2,D,D
STOP,13:39,13:41,乐清,2,D,D
STOP,13:56,13:58,温州南,2,D,D
STOP,14:21,14:23,苍南,2,D,D
STOP,14:44,14:46,太姥山,2,D,D
STOP,15:10,15:12,福安,2,D,D
STOP,15:58,16:02,福州南,2,D,D
TERMINAL,17:21,17:36,厦门北,2,D,D
TRAIN,D3107,深圳北,icon,D,TO_OTHER_LINES,
INITIAL,9:25,9:40,上海虹桥,2,D,D
PASS,9:47,9:47,J4,2,D,D
STOP,10:04,10:10,嘉善南,2,D,D
STOP,10:18,10:27,嘉兴南,2,D,D
STOP,10:38,10:58,桐乡,2,D,D
STOP,11:07,11:09,海宁西,2,D,D
STOP,11:22,11:25,杭州东,6,D,D
PASS,11:17,11:17,J3,2,D,D
PASS,11:31,11:31,E2,2,D,D
STOP,11:44,11:46,绍兴北,2,D,D
STOP,12:22,12:26,宁波,2,D,D
STOP,12:54,12:56,宁海,2,D,D
STOP,13:26,13:28,台州,2,D,D
STOP,13:39,13:41,温岭,2,D,D
STOP,14:10,14:12,永嘉,2,D,D
STOP,14:22,14:24,温州南,2,D,D
STOP,14:41,14:43,鳌江,2,D,D
STOP,15:21,15:23,霞浦,2,D,D
STOP,16:18,16:22,福州南,2,D,D
STOP,16:46,16:48,涵江,2,D,D
STOP,16:58,17:00,莆田,2,D,D
STOP,17:25,17:27,泉州,2,D,D
STOP,17:52,17:56,厦门北,2,D,D
STOP,18:15,18:17,漳州,2,D,D
STOP,18:55,18:57,诏安,2,D,D
STOP,19:21,19:23,潮汕,2,D,D
STOP,19:59,20:01,葵潭,2,D,D
STOP,20:46,20:48,惠东,2,D,D
STOP,21:09,21:11,深圳坪山,2,D,D
TERMINAL,21:38,21:53,深圳北,2,D,D
TRAIN,G7355,衢州,icon,G,TO_OTHER_LINES,
INITIAL,7:20,7:35,南京,2,D,D
STOP,7:55,7:57,镇江,2,D,D
STOP,8:10,8:12,丹阳,2,D,D
STOP,8:27,8:29,常州,2,D,D
STOP,8:40,8:41,惠山,2,D,D
STOP,8:49,8:51,无锡,2,D,D
STOP,9:06,9:08,苏州,2,D,D
STOP,9:20,9:26,昆山南,2,D,D
STOP,9:44,9:46,上海虹桥2,20,D,D
PASS,9:50,9:50,J5,2,D,D
PASS,9:53,9:53,J4,2,D,D
PASS,9:39,9:39,E4,2,D,D
STOP,10:14,10:16,嘉兴南,4,D,D
STOP,10:40,10:46,杭州东,4,D,D
PASS,10:35,10:35,J3,2,D,D
PASS,10:52,10:52,E2,2,D,D
STOP,11:09,11:11,诸暨,2,D,D
STOP,11:36,11:38,金华,2,D,D
TERMINAL,12:00,12:15,衢州,2,D,D
TRAIN,G1347,长沙南,icon,G,TO_OTHER_LINES,
INITIAL,9:36,9:51,上海虹桥,2,D,D
PASS,9:58,9:58,J4,2,D,D
STOP,10:05,10:07,松江南,2,D,D
STOP,10:38,10:40,余杭,2,D,D
STOP,10:50,10:53,杭州东,2,D,D
PASS,10:45,10:45,J3,2,D,D
PASS,10:59,10:59,E2,2,D,D
STOP,11:16,11:18,诸暨,2,D,D
STOP,11:43,11:45,金华,2,D,D
STOP,13:34,13:40,南昌西,2,D,D
STOP,14:22,14:24,宜春,2,D,D
STOP,14:42,14:45,萍乡北,2,D,D
TERMINAL,15:17,15:32,长沙南,2,D,D
TRAIN,G7587,温州南,icon,G,TO_OTHER_LINES,
INITIAL,7:33,7:48,南京南,2,D,D
STOP,8:22,8:29,丹阳,2,D,D
STOP,8:44,8:46,常州,2,D,D
STOP,9:00,9:02,无锡,2,D,D
STOP,9:17,9:19,苏州,2,D,D
STOP,9:31,9:33,昆山南,2,D,D
STOP,9:54,9:58,上海虹桥2,20,D,D
PASS,10:02,10:02,J5,2,D,D
PASS,10:05,10:05,J4,2,D,D
PASS,9:49,9:49,E4,2,D,D
STOP,10:38,10:41,海宁西,2,D,D
STOP,10:54,10:58,杭州东,6,D,D
PASS,10:49,10:49,J3,2,D,D
PASS,11:04,11:04,E2,2,D,D
STOP,11:17,11:19,绍兴北,2,D,D
STOP,11:30,11:32,绍兴东,2,D,D
STOP,11:59,12:05,宁波,2,D,D
STOP,12:33,12:35,宁海,2,D,D
STOP,12:50,12:52,三门县,2,D,D
STOP,13:11,13:13,台州,2,D,D
STOP,13:24,13:26,温岭,2,D,D
STOP,13:50,13:52,乐清,2,D,D
TERMINAL,14:09,14:24,温州南,2,D,D
TRAIN,G1501,南宁东,icon,G,TO_OTHER_LINES,
INITIAL,9:48,10:03,上海虹桥,2,D,D
PASS,10:10,10:10,J4,2,D,D
STOP,10:31,10:33,嘉兴南,4,D,D
STOP,10:58,11:03,杭州东,4,D,D
PASS,10:53,10:53,J3,2,D,D
PASS,11:09,11:09,E2,2,D,D
STOP,11:26,11:28,诸暨,2,D,D
STOP,11:53,11:55,金华,2,D,D
STOP,12:23,12:25,江山,2,D,D
STOP,14:32,14:34,宜春,2,D,D
STOP,14:52,14:54,萍乡北,2,D,D
STOP,15:25,15:31,长沙南,2,D,D
STOP,16:08,16:10,衡阳东,2,D,D
STOP,16:39,16:41,祁东,2,D,D
STOP,16:55,16:57,祁阳,2,D,D
STOP,17:16,17:20,永州,2,D,D
STOP,17:37,17:39,东安东,2,D,D
STOP,18:03,18:05,全州南,2,D,D
STOP,18:26,18:28,兴安北,2,D,D
STOP,19:02,19:05,桂林,2,D,D
STOP,19:27,19:29,永福南,2,D,D
STOP,20:16,20:19,柳州,2,D,D
STOP,20:44,20:46,来宾北,2,D,D
TERMINAL,21:29,21:44,南宁东,2,D,D
TRAIN,G7351,杭州,icon,G,TO_SUB_TERMINAL,
INITIAL,9:23,9:38,上海,2,D,D
STOP,10:06,10:08,上海虹桥2,20,D,D
PASS,10:12,10:12,J5,2,D,D
PASS,10:15,10:15,J4,2,D,D
PASS,10:01,10:01,E4,2,D,D
STOP,10:36,10:38,嘉兴南,2,D,D
TERMINAL,11:07,11:18,杭州,3,D,D
PASS,11:00,11:00,J2,2,D,D
PASS,10:55,10:55,J3,2,D,D
TRAIN,G7507,宁波,icon,G,TO_OTHER_LINES,
INITIAL,8:01,8:16,南京南,2,D,D
STOP,8:41,8:43,丹阳北,2,D,D
STOP,8:54,8:56,常州北,2,D,D
STOP,9:13,9:15,无锡东,2,D,D
STOP,9:26,9:28,苏州北,2,D,D
STOP,9:39,9:41,昆山南,2,D,D
STOP,9:58,10:13,上海虹桥,2,D,D
PASS,10:20,10:20,J4,2,D,D
PASS,9:53,9:53,E3,2,D,D
STOP,10:40,10:43,嘉兴南,4,D,D
STOP,11:06,11:08,杭州东,2,D,D
PASS,11:01,11:01,J3,2,D,D
PASS,11:14,11:14,E2,2,D,D
STOP,11:27,11:29,绍兴北,2,D,D
STOP,11:47,11:49,余姚北,2,D,D
TERMINAL,12:08,12:23,宁波,2,D,D
TRAIN,G1657,厦门北,icon,G,TO_OTHER_LINES,
INITIAL,10:03,10:18,上海虹桥,2,D,D
PASS,10:25,10:25,J4,2,D,D
STOP,10:45,10:48,嘉兴南,2,D,D
STOP,11:06,11:08,余杭,2,D,D
STOP,11:18,11:20,杭州东,4,D,D
PASS,11:13,11:13,J3,2,D,D
PASS,11:26,11:26,E2,2,D,D
STOP,12:04,12:06,金华,2,D,D
STOP,12:21,12:23,龙游,2,D,D
STOP,14:01,14:03,南平北,2,D,D
STOP,14:17,14:19,古田北,2,D,D
STOP,14:46,15:02,福州,2,D,D
STOP,15:29,15:31,福清,2,D,D
STOP,15:51,15:53,莆田,2,D,D
STOP,16:18,16:20,泉州,2,D,D
TERMINAL,16:46,17:01,厦门北,2,D,D
TRAIN,G1301,广州南,icon,G,TO_OTHER_LINES,
INITIAL,10:08,10:23,上海虹桥,2,D,D
PASS,10:30,10:30,J4,2,D,D
STOP,10:50,10:55,嘉兴南,4,D,D
STOP,11:06,11:08,桐乡,2,D,D
STOP,11:26,11:30,杭州东,2,D,D
PASS,11:21,11:21,J3,2,D,D
PASS,11:36,11:36,E2,2,D,D
STOP,12:02,12:07,义乌,2,D,D
STOP,12:24,12:26,金华,2,D,D
STOP,12:41,12:43,龙游,2,D,D
STOP,14:22,14:26,南昌西,2,D,D
STOP,14:58,15:00,新余北,2,D,D
STOP,15:15,15:17,宜春,2,D,D
STOP,15:35,15:37,萍乡北,2,D,D
STOP,16:09,16:12,长沙南,2,D,D
STOP,16:41,16:43,衡山西,2,D,D
STOP,16:56,16:58,衡阳东,2,D,D
STOP,17:31,17:33,郴州西,2,D,D
STOP,18:04,18:06,韶关,2,D,D
TERMINAL,19:03,19:18,广州南,2,D,D
TRAIN,D2281,深圳北,icon,D,TO_OTHER_LINES,
INITIAL,7:31,7:46,南京,2,D,D
STOP,8:09,8:21,镇江,2,D,D
STOP,8:33,8:35,丹阳,2,D,D
STOP,8:51,8:53,常州,2,D,D
STOP,9:08,9:10,无锡,2,D,D
STOP,9:25,9:29,苏州,2,D,D
STOP,9:35,9:37,苏州园区,2,D,D
STOP,9:49,9:51,昆山南,2,D,D
STOP,10:15,10:28,上海虹桥2,20,D,D
PASS,10:32,10:32,J5,2,D,D
PASS,10:35,10:35,J4,2,D,D
PASS,10:10,10:10,E4,2,D,D
STOP,10:53,10:55,嘉善南,2,D,D
STOP,11:03,11:05,嘉兴南,2,D,D
STOP,11:31,11:35,杭州东,4,D,D
PASS,11:26,11:26,J3,2,D,D
PASS,11:41,11:41,E2,2,D,D
STOP,12:02,12:04,绍兴东,2,D,D
STOP,12:32,12:36,宁波,2,D,D
STOP,12:53,12:55,奉化,2,D,D
STOP,13:28,13:30,临海,2,D,D
STOP,13:42,13:44,台州,2,D,D
STOP,13:55,13:57,温岭,2,D,D
STOP,14:15,14:17,绅坊,2,D,D
STOP,14:40,14:42,温州南,2,D,D
STOP,15:16,15:18,福鼎,2,D,D
STOP,16:03,16:05,罗源,2,D,D
STOP,16:35,16:40,福州南,2,D,D
STOP,16:54,16:56,福清,2,D,D
STOP,17:37,17:39,泉州,2,D,D
STOP,18:05,18:09,厦门北,2,D,D
STOP,18:28,18:36,漳州,2,D,D
STOP,18:54,18:56,漳浦,2,D,D
STOP,19:39,19:41,潮汕,2,D,D
STOP,20:06,20:08,普宁,2,D,D
STOP,20:32,20:34,陆丰,2,D,D
STOP,21:21,21:23,惠州南,2,D,D
TERMINAL,21:54,22:09,深圳北,2,D,D
TRAIN,G7589,宁波,icon,G,TO_OTHER_LINES,
INITIAL,6:38,6:53,徐州东,2,D,D
STOP,7:11,7:13,宿州东,2,D,D
STOP,7:36,7:38,蚌埠南,2,D,D
STOP,7:54,7:56,定远,2,D,D
STOP,8:14,8:16,滁州,2,D,D
STOP,8:34,8:46,南京南,2,D,D
STOP,9:06,9:08,镇江南,2,D,D
STOP,9:25,9:32,常州北,2,D,D
STOP,9:54,9:56,苏州北,2,D,D
STOP,10:08,10:10,昆山南,2,D,D
STOP,10:28,10:34,上海虹桥,2,D,D
PASS,10:41,10:41,J4,2,D,D
PASS,10:23,10:23,E3,2,D,D
STOP,10:52,10:54,金山北,2,D,D
STOP,11:08,11:10,嘉兴南,4,D,D
STOP,11:28,11:30,余杭,2,D,D
STOP,11:41,11:43,杭州东,6,D,D
PASS,11:36,11:36,J3,2,D,D
PASS,11:49,11:49,E2,2,D,D
STOP,12:02,12:04,绍兴北,2,D,D
TERMINAL,12:37,12:52,宁波,2,D,D
TRAIN,D3135,赣州,icon,D,TO_OTHER_LINES,
INITIAL,7:54,8:09,南京,2,D,D
STOP,8:32,8:34,镇江,2,D,D
STOP,8:46,8:48,丹阳,2,D,D
STOP,9:04,9:06,常州,2,D,D
STOP,9:17,9:23,惠山,2,D,D
STOP,9:31,9:33,无锡,2,D,D
STOP,9:41,9:43,无锡新区,2,D,D
STOP,9:55,10:02,苏州,2,D,D
STOP,10:14,10:17,昆山南,2,D,D
STOP,10:37,10:42,上海虹桥2,20,D,D
PASS,10:46,10:46,J5,2,D,D
PASS,10:49,10:49,J4,2,D,D
PASS,10:32,10:32,E4,2,D,D
STOP,10:57,11:02,松江南,2,D,D
STOP,11:16,11:21,嘉善南,2,D,D
STOP,11:29,11:32,嘉兴南,4,D,D
STOP,11:48,11:58,海宁西,2,D,D
STOP,12:12,12:15,杭州东,6,D,D
PASS,12:07,12:07,J3,2,D,D
PASS,12:21,12:21,E2,2,D,D
STOP,12:34,12:36,绍兴北,2,D,D
STOP,12:55,12:57,余姚北,2,D,D
STOP,13:18,13:25,宁波,2,D,D
STOP,13:53,13:55,宁海,2,D,D
STOP,14:25,14:27,台州,2,D,D
STOP,14:45,14:47,雁荡山,2,D,D
STOP,15:17,15:19,温州南,2,D,D
STOP,15:30,15:32,瑞安,2,D,D
STOP,15:48,15:50,苍南,2,D,D
STOP,16:05,16:07,福鼎,2,D,D
STOP,16:37,16:39,福安,2,D,D
STOP,17:24,17:29,福州南,2,D,D
STOP,17:59,18:01,莆田,2,D,D
STOP,18:26,18:28,泉州,2,D,D
STOP,18:39,18:51,晋江,2,D,D
STOP,19:09,19:14,厦门北,2,D,D
STOP,19:33,19:36,漳州,2,D,D
STOP,20:19,20:23,龙岩,2,D,D
STOP,20:39,20:41,古田会址,2,D,D
STOP,21:11,21:13,长汀南,2,D,D
STOP,21:29,21:31,瑞金,2,D,D
STOP,21:59,22:01,于都,2,D,D
TERMINAL,22:28,22:43,赣州,2,D,D
TRAIN,G1349,长沙南,icon,G,TO_OTHER_LINES,
INITIAL,10:33,10:48,上海虹桥,2,D,D
PASS,10:55,10:55,J4,2,D,D
STOP,11:15,11:17,嘉兴南,2,D,D
STOP,11:28,11:30,桐乡,2,D,D
STOP,11:48,11:52,杭州东,4,D,D
PASS,11:43,11:43,J3,2,D,D
PASS,11:58,11:58,E2,2,D,D
STOP,12:15,12:17,诸暨,2,D,D
STOP,12:31,12:33,义乌,2,D,D
STOP,15:20,15:23,宜春,2,D,D
STOP,15:41,15:43,萍乡北,2,D,D
TERMINAL,16:15,16:30,长沙南,2,D,D
TRAIN,G7509,宁波,icon,G,TO_OTHER_LINES,
INITIAL,10:43,10:58,上海虹桥,2,D,D
PASS,11:05,11:05,J4,2,D,D
STOP,11:25,11:27,嘉兴南,2,D,D
STOP,11:45,11:47,余杭,2,D,D
STOP,11:58,12:00,杭州东,6,D,D
PASS,11:53,11:53,J3,2,D,D
PASS,12:06,12:06,E2,2,D,D
STOP,12:19,12:21,绍兴北,2,D,D
TERMINAL,12:53,13:08,宁波,2,D,D
TRAIN,G7461,温州南,icon,G,TO_OTHER_LINES,
INITIAL,10:49,11:04,上海虹桥,2,D,D
PASS,11:11,11:11,J4,2,D,D
STOP,11:22,11:32,金山北,2,D,D
STOP,11:46,11:49,嘉兴南,2,D,D
STOP,12:04,12:07,海宁西,2,D,D
STOP,12:20,12:24,杭州东,2,D,D
PASS,12:15,12:15,J3,2,D,D
PASS,12:30,12:30,E2,2,D,D
STOP,12:48,12:50,诸暨,2,D,D
STOP,13:04,13:06,义乌,2,D,D
STOP,13:23,13:25,金华南,2,D,D
STOP,13:50,13:52,缙云西,2,D,D
STOP,14:05,14:07,丽水,2,D,D
TERMINAL,14:44,14:59,温州南,2,D,D
TRAIN,G7599,苍南,icon,G,TO_OTHER_LINES,
INITIAL,7:28,7:43,徐州东,2,D,D
STOP,8:01,8:03,宿州东,2,D,D
STOP,8:26,8:28,蚌埠南,2,D,D
STOP,8:44,8:46,定远,2,D,D
STOP,9:04,9:06,滁州,2,D,D
STOP,9:24,9:32,南京南,2,D,D
STOP,9:51,9:57,镇江南,2,D,D
STOP,10:14,10:16,常州北,2,D,D
STOP,10:33,10:35,无锡东,2,D,D
STOP,11:04,11:10,上海虹桥,2,D,D
PASS,11:17,11:17,J4,2,D,D
PASS,10:59,10:59,E3,2,D,D
STOP,11:37,11:39,嘉兴南,2,D,D
STOP,12:03,12:05,杭州东,2,D,D
PASS,11:58,11:58,J3,2,D,D
PASS,12:11,12:11,E2,2,D,D
STOP,12:24,12:26,绍兴北,2,D,D
STOP,12:44,12:46,余姚北,2,D,D
STOP,13:05,13:12,宁波,2,D,D
STOP,13:58,14:00,临海,2,D,D
STOP,14:12,14:14,台州,2,D,D
STOP,14:57,14:59,温州南,2,D,D
TERMINAL,15:23,15:38,苍南,2,D,D
TRAIN,G1375,昆明南,icon,G,TO_OTHER_LINES,
INITIAL,11:00,11:15,上海虹桥,2,D,D
PASS,11:22,11:22,J4,2,D,D
STOP,11:42,11:44,嘉兴南,4,D,D
STOP,12:07,12:10,杭州东,4,D,D
PASS,12:02,12:02,J3,2,D,D
PASS,12:16,12:16,E2,2,D,D
STOP,12:33,12:35,诸暨,2,D,D
STOP,12:49,12:51,义乌,2,D,D
STOP,13:17,13:19,龙游,2,D,D
STOP,13:30,13:32,衢州,2,D,D
STOP,15:41,15:43,高安,2,D,D
STOP,16:14,16:16,宜春,2,D,D
STOP,16:34,16:36,萍乡北,2,D,D
STOP,16:48,16:50,醴陵东,2,D,D
STOP,17:15,17:21,长沙南,2,D,D
STOP,18:07,18:09,邵阳北,2,D,D
STOP,18:50,18:54,怀化南,2,D,D
STOP,19:06,19:08,芷江,2,D,D
STOP,19:31,19:33,铜仁南,2,D,D
STOP,20:08,20:10,凯里南,2,D,D
STOP,20:48,20:58,贵阳北,2,D,D
STOP,21:28,21:30,安顺西,2,D,D
TERMINAL,23:06,23:21,昆明南,2,D,D
TRAIN,D2283,深圳北,icon,D,TO_OTHER_LINES,
INITIAL,11:09,11:24,上海虹桥,2,D,D
PASS,11:31,11:31,J4,2,D,D
STOP,11:52,11:54,嘉兴南,4,D,D
STOP,12:05,12:07,桐乡,2,D,D
STOP,12:25,12:29,杭州东,4,D,D
PASS,12:20,12:20,J3,2,D,D
PASS,12:35,12:35,E2,2,D,D
STOP,12:48,12:50,绍兴北,2,D,D
STOP,13:09,13:11,余姚北,2,D,D
STOP,13:32,13:39,宁波,2,D,D
STOP,14:33,14:35,台州,2,D,D
STOP,14:46,14:48,温岭,2,D,D
STOP,15:12,15:14,乐清,2,D,D
STOP,15:29,15:31,温州南,2,D,D
STOP,15:48,15:50,鳌江,2,D,D
STOP,16:01,16:03,苍南,2,D,D
STOP,16:35,16:37,霞浦,2,D,D
STOP,17:06,17:08,罗源,2,D,D
STOP,17:38,17:46,福州南,2,D,D
STOP,18:37,18:39,泉州,2,D,D
STOP,19:04,19:08,厦门北,2,D,D
STOP,19:27,19:29,漳州,2,D,D
STOP,19:48,19:50,漳浦,2,D,D
STOP,20:13,20:15,诏安,2,D,D
STOP,20:38,20:41,潮汕,2,D,D
STOP,21:06,21:08,普宁,2,D,D
STOP,21:32,21:34,陆丰,2,D,D
TERMINAL,22:50,23:05,深圳北,2,D,D
TRAIN,G7537,苍南,icon,G,TO_OTHER_LINES,
INITIAL,11:14,11:29,上海虹桥,2,D,D
PASS,11:36,11:36,J4,2,D,D
STOP,11:52,11:54,嘉善南,2,D,D
STOP,12:03,12:05,嘉兴南,2,D,D
STOP,12:30,12:34,杭州东,6,D,D
PASS,12:25,12:25,J3,2,D,D
PASS,12:40,12:40,E2,2,D,D
STOP,12:53,12:55,绍兴北,2,D,D
STOP,13:14,13:17,余姚北,2,D,D
STOP,13:36,13:44,宁波,2,D,D
STOP,14:30,14:32,临海,2,D,D
STOP,14:44,14:46,台州,2,D,D
STOP,15:04,15:06,雁荡山,2,D,D
STOP,15:28,15:30,永嘉,2,D,D
STOP,15:40,15:43,温州南,2,D,D
STOP,16:00,16:04,鳌江,2,D,D
TERMINAL,16:16,16:31,苍南,2,D,D
TRAIN,G7317,宜兴,icon,G,TO_OTHER_LINES,拆分自G7317
INITIAL,11:19,11:34,上海虹桥,2,D,D
PASS,11:41,11:41,J4,2,D,D
STOP,11:52,11:54,金山北,2,D,D
STOP,12:08,12:10,嘉兴南,4,D,D
STOP,12:21,12:26,桐乡,2,D,D
PASS,12:42,12:42,J2,2,D,D
PASS,12:37,12:37,J3,2,D,D
TERMINAL,12:49,12:59,杭州,3,D,U
TRAIN,G7320,宜兴,icon,G,TO_OTHER_LINES,拆分自G7317
INITIAL,12:59,13:09,杭州,3,D,U
PASS,13:21,13:21,J1,2,U,U
PASS,13:23,13:23,E1,2,U,U
STOP,13:36,13:38,湖州,2,D,D
TERMINAL,13:55,14:10,宜兴,2,D,D
TRAIN,G1333,重庆西,icon,G,TO_OTHER_LINES,
INITIAL,11:24,11:39,上海虹桥,2,D,D
PASS,11:46,11:46,J4,2,D,D
STOP,11:53,11:55,松江南,2,D,D
STOP,12:09,12:11,嘉善南,2,D,D
STOP,12:39,12:41,杭州东,2,D,D
PASS,12:34,12:34,J3,2,D,D
PASS,12:47,12:47,E2,2,D,D
STOP,13:04,13:10,诸暨,2,D,D
STOP,13:24,13:26,义乌,2,D,D
STOP,13:42,13:44,金华,2,D,D
STOP,16:07,16:09,新余北,2,D,D
STOP,16:24,16:26,宜春,2,D,D
STOP,16:44,16:46,萍乡北,2,D,D
STOP,16:58,17:00,醴陵东,2,D,D
STOP,17:25,17:31,长沙南,2,D,D
STOP,18:06,18:09,娄底南,2,D,D
STOP,18:33,18:35,新化南,2,D,D
STOP,19:08,19:11,怀化南,2,D,D
STOP,19:23,19:25,芷江,2,D,D
STOP,19:46,19:48,铜仁南,2,D,D
STOP,20:23,20:25,凯里南,2,D,D
STOP,20:48,20:50,贵定北,2,D,D
STOP,21:06,21:12,贵阳东,2,D,D
STOP,22:01,22:04,遵义,2,D,D
TERMINAL,23:23,23:38,重庆西,2,D,D
TRAIN,D3207,厦门北,icon,D,TO_OTHER_LINES,
INITIAL,11:33,11:48,上海虹桥,2,D,D
PASS,11:55,11:55,J4,2,D,D
STOP,12:07,12:09,金山北,2,D,D
STOP,12:23,12:28,嘉兴南,2,D,D
STOP,12:39,12:41,桐乡,2,D,D
STOP,12:59,13:02,杭州东,2,D,D
PASS,12:54,12:54,J3,2,D,D
PASS,13:08,13:08,E2,2,D,D
STOP,13:21,13:24,绍兴北,2,D,D
STOP,13:44,13:54,余姚北,2,D,D
STOP,14:15,14:26,宁波,2,D,D
STOP,14:43,14:45,奉化,2,D,D
STOP,15:26,15:28,台州,2,D,D
STOP,15:46,15:48,雁荡山,2,D,D
STOP,16:16,16:18,温州南,2,D,D
STOP,16:29,16:31,瑞安,2,D,D
STOP,16:48,16:50,苍南,2,D,D
STOP,17:11,17:14,太姥山,2,D,D
STOP,17:38,17:40,福安,2,D,D
STOP,18:26,18:39,福州南,2,D,D
STOP,19:09,19:15,莆田,2,D,D
STOP,19:40,19:49,泉州,2,D,D
TERMINAL,20:14,20:29,厦门北,2,D,D
TRAIN,G7511,温州南,icon,G,TO_OTHER_LINES,
INITIAL,11:38,11:53,上海虹桥,2,D,D
PASS,12:00,12:00,J4,2,D,D
STOP,12:07,12:09,松江南,2,D,D
STOP,12:39,12:41,海宁西,2,D,D
STOP,12:54,12:56,杭州东,4,D,D
PASS,12:49,12:49,J3,2,D,D
PASS,13:02,13:02,E2,2,D,D
STOP,13:15,13:17,绍兴北,2,D,D
STOP,13:49,13:53,宁波,2,D,D
STOP,14:21,14:23,宁海,2,D,D
STOP,14:53,14:55,台州,2,D,D
STOP,15:06,15:08,温岭,2,D,D
STOP,15:32,15:34,乐清,2,D,D
STOP,15:43,15:45,永嘉,2,D,D
TERMINAL,15:57,16:12,温州南,2,D,D
TRAIN,G7591,温州南,icon,G,TO_OTHER_LINES,
INITIAL,7:17,7:32,安庆,2,D,D
STOP,7:51,7:53,池州,2,D,D
STOP,8:13,8:15,铜陵,2,D,D
STOP,8:30,8:32,繁昌西,2,D,D
STOP,8:52,8:54,芜湖,2,D,D
STOP,9:12,9:14,马鞍山东,2,D,D
STOP,9:23,9:25,江宁西,2,D,D
STOP,9:38,9:42,南京南,2,D,D
STOP,10:08,10:10,镇江,2,D,D
STOP,10:22,10:29,丹阳,2,D,D
STOP,10:44,10:46,常州,2,D,D
STOP,11:00,11:02,无锡,2,D,D
STOP,11:17,11:19,苏州,2,D,D
STOP,11:32,11:37,昆山南,2,D,D
STOP,11:55,12:01,上海虹桥2,20,D,D
PASS,12:05,12:05,J5,2,D,D
PASS,12:08,12:08,J4,2,D,D
PASS,11:50,11:50,E4,2,D,D
STOP,12:26,12:28,嘉善南,2,D,D
STOP,12:37,12:39,嘉兴南,2,D,D
STOP,13:03,13:07,杭州东,6,D,D
PASS,12:58,12:58,J3,2,D,D
PASS,13:13,13:13,E2,2,D,D
STOP,13:39,13:45,义乌,2,D,D
STOP,14:02,14:04,金华南,2,D,D
STOP,14:30,14:32,缙云西,2,D,D
STOP,14:45,14:47,丽水,2,D,D
STOP,15:07,15:09,青田,2,D,D
TERMINAL,15:29,15:44,温州南,2,D,D
TRAIN,D3291,龙岩,icon,D,TO_OTHER_LINES,
INITIAL,12:00,12:15,上海虹桥,2,D,D
PASS,12:22,12:22,J4,2,D,D
STOP,12:43,12:45,嘉兴南,4,D,D
STOP,13:04,13:06,余杭,2,D,D
STOP,13:16,13:18,杭州东,4,D,D
PASS,13:11,13:11,J3,2,D,D
PASS,13:24,13:24,E2,2,D,D
STOP,13:37,13:39,绍兴北,2,D,D
STOP,13:51,13:53,绍兴东,2,D,D
STOP,14:04,14:06,余姚北,2,D,D
STOP,14:27,14:40,宁波,2,D,D
STOP,15:26,15:28,临海,2,D,D
STOP,15:47,15:49,温岭,2,D,D
STOP,16:13,16:15,乐清,2,D,D
STOP,16:30,16:32,温州南,2,D,D
STOP,16:49,16:51,鳌江,2,D,D
STOP,17:01,17:03,苍南,2,D,D
STOP,17:35,17:37,霞浦,2,D,D
STOP,18:06,18:08,罗源,2,D,D
STOP,18:38,18:45,福州南,2,D,D
STOP,19:17,19:21,莆田,2,D,D
STOP,19:46,19:54,泉州,2,D,D
STOP,20:19,20:24,厦门北,2,D,D
STOP,20:37,20:48,角美,2,D,D
STOP,20:58,21:01,漳州,2,D,D
STOP,21:16,21:18,南靖,2,D,D
TERMINAL,21:51,22:06,龙岩,2,D,D
TRAIN,G1387,南昌西,icon,G,TO_OTHER_LINES,
INITIAL,12:05,12:20,上海虹桥,2,D,D
PASS,12:27,12:27,J4,2,D,D
STOP,12:47,12:50,嘉兴南,2,D,D
STOP,13:05,13:07,海宁西,2,D,D
STOP,13:21,13:23,杭州东,6,D,D
PASS,13:16,13:16,J3,2,D,D
PASS,13:29,13:29,E2,2,D,D
STOP,13:55,13:57,义乌,2,D,D
STOP,14:23,14:27,龙游,2,D,D
STOP,15:52,15:54,进贤南,2,D,D
TERMINAL,16:13,16:28,南昌西,2,D,D
TRAIN,G1633,福州,icon,G,TO_OTHER_LINES,
INITIAL,12:10,12:25,上海虹桥,2,D,D
PASS,12:32,12:32,J4,2,D,D
STOP,12:43,12:45,金山北,2,D,D
STOP,13:05,13:07,桐乡,2,D,D
STOP,13:25,13:28,杭州东,2,D,D
PASS,13:20,13:20,J3,2,D,D
PASS,13:34,13:34,E2,2,D,D
STOP,14:00,14:02,义乌,2,D,D
STOP,14:18,14:21,金华,2,D,D
STOP,16:13,16:15,建瓯西,2,D,D
STOP,16:31,16:33,南平北,2,D,D
STOP,16:48,16:50,古田北,2,D,D
TERMINAL,17:18,17:33,福州,2,D,D
TRAIN,G7335,苍南,icon,G,TO_OTHER_LINES,
INITIAL,12:15,12:30,上海虹桥,2,D,D
PASS,12:37,12:37,J4,2,D,D
STOP,12:44,12:46,松江南,2,D,D
STOP,13:04,13:06,嘉兴南,2,D,D
STOP,13:29,13:37,杭州东,4,D,D
PASS,13:24,13:24,J3,2,D,D
PASS,13:43,13:43,E2,2,D,D
STOP,14:00,14:02,诸暨,2,D,D
STOP,14:16,14:18,义乌,2,D,D
STOP,14:48,14:50,武义北,2,D,D
STOP,15:02,15:04,永康南,2,D,D
STOP,15:23,15:25,丽水,2,D,D
STOP,16:00,16:02,温州南,2,D,D
STOP,16:13,16:15,瑞安,2,D,D
TERMINAL,16:32,16:47,苍南,2,D,D
TRAIN,G1369,怀化南,icon,G,TO_OTHER_LINES,
INITIAL,12:25,12:40,上海虹桥,2,D,D
PASS,12:47,12:47,J4,2,D,D
STOP,13:03,13:05,嘉善南,2,D,D
STOP,13:20,13:22,桐乡,2,D,D
STOP,13:40,13:42,杭州东,6,D,D
PASS,13:35,13:35,J3,2,D,D
PASS,13:48,13:48,E2,2,D,D
STOP,14:05,14:07,诸暨,2,D,D
STOP,14:21,14:23,义乌,2,D,D
STOP,16:23,16:27,南昌西,2,D,D
STOP,16:43,16:45,高安,2,D,D
STOP,17:06,17:08,新余北,2,D,D
STOP,17:23,17:25,宜春,2,D,D
STOP,17:49,17:51,醴陵东,2,D,D
STOP,18:16,18:20,长沙南,2,D,D
STOP,18:34,18:36,湘潭北,2,D,D
STOP,18:50,18:52,韶山南,2,D,D
STOP,19:09,19:11,娄底南,2,D,D
STOP,19:35,19:37,新化南,2,D,D
STOP,19:54,19:56,溆浦南,2,D,D
TERMINAL,20:17,20:32,怀化南,2,D,D
TRAIN,G7375,江山,icon,G,TO_OTHER_LINES,
INITIAL,9:12,9:27,合肥南,2,D,D
STOP,10:19,10:24,南京南,2,D,D
STOP,10:44,10:56,镇江南,2,D,D
STOP,11:13,11:15,常州北,2,D,D
STOP,11:32,11:37,无锡东,2,D,D
STOP,11:48,11:50,苏州北,2,D,D
STOP,12:01,12:10,昆山南,2,D,D
STOP,12:27,12:51,上海虹桥,2,D,D
PASS,12:58,12:58,J4,2,D,D
PASS,12:22,12:22,E3,2,D,D
STOP,13:18,13:20,嘉兴南,2,D,D
STOP,13:38,13:43,余杭,2,D,D
STOP,13:53,13:58,杭州东,4,D,D
PASS,13:48,13:48,J3,2,D,D
PASS,14:04,14:04,E2,2,D,D
STOP,14:30,14:33,义乌,2,D,D
STOP,14:49,14:54,金华,2,D,D
STOP,15:15,15:17,衢州,2,D,D
TERMINAL,15:29,15:44,江山,2,D,D
TRAIN,G1659,厦门北,icon,G,TO_OTHER_LINES,
INITIAL,12:42,12:57,上海虹桥,2,D,D
PASS,13:04,13:04,J4,2,D,D
STOP,13:24,13:26,嘉兴南,4,D,D
STOP,13:49,13:53,杭州东,2,D,D
PASS,13:44,13:44,J3,2,D,D
PASS,13:59,13:59,E2,2,D,D
STOP,14:25,14:28,义乌,2,D,D
STOP,16:50,16:54,福州,2,D,D
TERMINAL,18:20,18:35,厦门北,2,D,D
TRAIN,G7595,宁波,icon,G,TO_OTHER_LINES,
INITIAL,10:11,10:26,合肥南,2,D,D
STOP,11:18,11:20,南京南,2,D,D
STOP,11:40,11:42,镇江南,2,D,D
STOP,12:11,12:13,无锡东,2,D,D
STOP,12:24,12:29,苏州北,2,D,D
STOP,12:40,12:42,昆山南,2,D,D
STOP,12:59,13:04,上海虹桥,2,D,D
PASS,13:11,13:11,J4,2,D,D
PASS,12:54,12:54,E3,2,D,D
STOP,13:18,13:23,松江南,2,D,D
STOP,13:41,13:44,嘉兴南,4,D,D
STOP,14:07,14:11,杭州东,4,D,D
PASS,14:02,14:02,J3,2,D,D
PASS,14:17,14:17,E2,2,D,D
STOP,14:30,14:33,绍兴北,2,D,D
TERMINAL,15:09,15:24,宁波,2,D,D
TRAIN,G1389,南昌,icon,G,TO_OTHER_LINES,
INITIAL,12:55,13:10,上海虹桥,2,D,D
PASS,13:17,13:17,J4,2,D,D
STOP,13:37,13:39,嘉兴南,2,D,D
STOP,14:02,14:04,杭州东,6,D,D
PASS,13:57,13:57,J3,2,D,D
PASS,14:10,14:10,E2,2,D,D
STOP,14:36,14:38,义乌,2,D,D
TERMINAL,16:48,17:03,南昌,2,D,D
TRAIN,D3141,龙岩,icon,D,TO_OTHER_LINES,
INITIAL,10:57,11:12,南京,2,D,D
STOP,11:43,11:49,丹阳,2,D,D
STOP,12:04,12:06,常州,2,D,D
STOP,12:21,12:23,无锡,2,D,D
STOP,12:40,12:42,苏州,2,D,D
STOP,12:54,12:56,昆山南,2,D,D
STOP,13:16,13:19,上海虹桥2,20,D,D
PASS,13:23,13:23,J5,2,D,D
PASS,13:26,13:26,J4,2,D,D
PASS,13:11,13:11,E4,2,D,D
STOP,13:48,13:50,嘉兴南,2,D,D
STOP,14:08,14:10,余杭,2,D,D
STOP,14:21,14:23,杭州东,6,D,D
PASS,14:16,14:16,J3,2,D,D
PASS,14:29,14:29,E2,2,D,D
STOP,14:42,14:44,绍兴北,2,D,D
STOP,15:03,15:05,余姚北,2,D,D
STOP,15:26,15:30,宁波,2,D,D
STOP,15:58,16:00,宁海,2,D,D
STOP,16:30,16:32,台州,2,D,D
STOP,16:43,16:45,温岭,2,D,D
STOP,17:14,17:16,永嘉,2,D,D
STOP,17:26,17:28,温州南,2,D,D
STOP,17:51,17:53,苍南,2,D,D
STOP,18:34,18:36,福安,2,D,D
STOP,19:06,19:08,连江,2,D,D
STOP,19:28,19:33,福州南,2,D,D
STOP,20:03,20:05,莆田,2,D,D
STOP,20:30,20:32,泉州,2,D,D
STOP,20:58,21:30,厦门北,2,D,D
STOP,21:49,21:52,漳州,2,D,D
TERMINAL,22:35,22:50,龙岩,2,D,D
TRAIN,G1353,长沙南,icon,G,TO_OTHER_LINES,
INITIAL,13:10,13:25,上海虹桥,2,D,D
PASS,13:32,13:32,J4,2,D,D
STOP,13:52,13:55,嘉兴南,4,D,D
STOP,14:11,14:13,海宁西,2,D,D
STOP,14:26,14:28,杭州东,2,D,D
PASS,14:21,14:21,J3,2,D,D
PASS,14:34,14:34,E2,2,D,D
STOP,14:51,14:53,诸暨,2,D,D
STOP,15:18,15:20,金华,2,D,D
STOP,15:41,15:43,衢州,2,D,D
STOP,17:52,17:54,新余北,2,D,D
STOP,18:09,18:17,宜春,2,D,D
TERMINAL,19:01,19:16,长沙南,2,D,D
TRAIN,G7305,杭州,icon,G,TO_SUB_TERMINAL,
INITIAL,13:15,13:30,上海虹桥,2,D,D
PASS,13:37,13:37,J4,2,D,D
STOP,13:53,13:55,嘉善南,2,D,D
STOP,14:10,14:12,桐乡,2,D,D
TERMINAL,14:36,14:44,杭州,3,D,D
PASS,14:29,14:29,J2,2,D,D
PASS,14:24,14:24,J3,2,D,D
TRAIN,G1329,贵阳北,icon,G,TO_OTHER_LINES,
INITIAL,13:27,13:42,上海虹桥,2,D,D
PASS,13:49,13:49,J4,2,D,D
STOP,14:09,14:11,嘉兴南,2,D,D
STOP,14:26,14:28,海宁西,2,D,D
STOP,14:41,14:45,杭州东,2,D,D
PASS,14:36,14:36,J3,2,D,D
PASS,14:51,14:51,E2,2,D,D
STOP,15:17,15:19,义乌,2,D,D
STOP,15:35,15:37,金华,2,D,D
STOP,18:01,18:06,新余北,2,D,D
STOP,18:21,18:23,宜春,2,D,D
STOP,18:41,18:43,萍乡北,2,D,D
STOP,19:15,19:19,长沙南,2,D,D
STOP,19:54,19:56,娄底南,2,D,D
STOP,20:12,20:14,邵阳北,2,D,D
STOP,20:55,20:58,怀化南,2,D,D
STOP,21:56,21:58,凯里南,2,D,D
TERMINAL,22:37,22:52,贵阳北,2,D,D
TRAIN,G1355,长沙南,icon,G,TO_OTHER_LINES,
INITIAL,13:32,13:47,上海虹桥,2,D,D
PASS,13:54,13:54,J4,2,D,D
STOP,14:01,14:03,松江南,2,D,D
STOP,14:27,14:29,桐乡,2,D,D
STOP,14:46,14:50,杭州东,4,D,D
PASS,14:41,14:41,J3,2,D,D
PASS,14:56,14:56,E2,2,D,D
STOP,15:22,15:24,义乌,2,D,D
STOP,15:40,15:42,金华,2,D,D
STOP,17:56,17:58,高安,2,D,D
STOP,18:29,18:31,宜春,2,D,D
STOP,18:49,18:51,萍乡北,2,D,D
TERMINAL,19:23,19:38,长沙南,2,D,D
TRAIN,G7515,宁波,icon,G,TO_OTHER_LINES,
INITIAL,13:45,14:00,上海虹桥,2,D,D
PASS,14:07,14:07,J4,2,D,D
STOP,14:27,14:29,嘉兴南,2,D,D
STOP,14:47,14:52,余杭,2,D,D
STOP,15:02,15:06,杭州东,6,D,D
PASS,14:57,14:57,J3,2,D,D
PASS,15:12,15:12,E2,2,D,D
TERMINAL,15:55,16:10,宁波,2,D,D
TRAIN,G7353,杭州,icon,G,TO_SUB_TERMINAL,
INITIAL,12:36,12:51,常州,2,D,D
STOP,13:05,13:07,无锡,2,D,D
STOP,13:22,13:24,苏州,2,D,D
STOP,13:31,13:32,苏州园区,2,D,D
STOP,13:42,13:44,昆山南,2,D,D
STOP,14:02,14:05,上海虹桥2,20,D,D
PASS,14:09,14:09,J5,2,D,D
PASS,14:12,14:12,J4,2,D,D
PASS,13:57,13:57,E4,2,D,D
STOP,14:33,14:38,嘉兴南,4,D,D
STOP,14:53,14:55,海宁西,2,D,D
TERMINAL,15:14,15:25,杭州,3,D,D
PASS,15:07,15:07,J2,2,D,D
PASS,15:02,15:02,J3,2,D,D
TRAIN,G99,香港西九龙,icon,G,TO_OTHER_LINES,
INITIAL,13:55,14:10,上海虹桥,2,D,D
PASS,14:17,14:17,J4,2,D,D
STOP,14:58,15:01,杭州东,2,D,D
PASS,14:53,14:53,J3,2,D,D
PASS,15:07,15:07,E2,2,D,D
STOP,15:45,15:47,金华,2,D,D
STOP,18:55,18:58,长沙南,2,D,D
STOP,20:33,20:35,韶关,2,D,D
STOP,21:32,21:37,广州南,2,D,D
STOP,22:06,22:09,深圳北,2,D,D
TERMINAL,22:28,22:43,香港西九龙,2,D,D
TRAIN,G7539,苍南,icon,G,TO_OTHER_LINES,
INITIAL,14:00,14:15,上海虹桥,2,D,D
PASS,14:22,14:22,J4,2,D,D
STOP,14:38,14:40,嘉善南,2,D,D
STOP,14:55,14:57,桐乡,2,D,D
STOP,15:14,15:16,杭州东,4,D,D
PASS,15:09,15:09,J3,2,D,D
PASS,15:22,15:22,E2,2,D,D
STOP,15:41,15:43,绍兴东,2,D,D
STOP,16:09,16:15,宁波,2,D,D
STOP,16:43,16:45,宁海,2,D,D
STOP,17:07,17:09,临海,2,D,D
STOP,17:30,17:41,温岭,2,D,D
STOP,17:59,18:01,绅坊,2,D,D
STOP,18:24,18:39,温州南,2,D,D
STOP,18:50,18:52,瑞安,2,D,D
TERMINAL,19:10,19:25,苍南,2,D,D
TRAIN,G7575,温州南,icon,G,TO_OTHER_LINES,
INITIAL,10:21,10:36,六安,2,D,D
STOP,11:00,11:20,合肥南,2,D,D
STOP,12:12,12:14,南京南,2,D,D
STOP,12:41,12:44,镇江,2,D,D
STOP,13:07,13:09,常州,2,D,D
STOP,13:24,13:26,无锡,2,D,D
STOP,13:40,13:42,苏州,2,D,D
STOP,13:55,13:57,昆山南,2,D,D
STOP,14:16,14:19,上海虹桥2,20,D,D
PASS,14:23,14:23,J5,2,D,D
PASS,14:26,14:26,J4,2,D,D
PASS,14:11,14:11,E4,2,D,D
STOP,14:38,14:40,金山北,2,D,D
STOP,14:54,14:56,嘉兴南,2,D,D
STOP,15:19,15:21,杭州东,2,D,D
PASS,15:14,15:14,J3,2,D,D
PASS,15:27,15:27,E2,2,D,D
STOP,15:40,15:42,绍兴北,2,D,D
STOP,16:00,16:05,余姚北,2,D,D
STOP,16:25,16:27,宁波,2,D,D
STOP,16:44,16:51,奉化,2,D,D
STOP,17:17,17:19,三门县,2,D,D
STOP,17:38,17:40,台州,2,D,D
STOP,17:51,17:53,温岭,2,D,D
STOP,18:04,18:06,雁荡山,2,D,D
STOP,18:23,18:25,乐清,2,D,D
STOP,18:35,18:38,永嘉,2,D,D
TERMINAL,18:50,19:05,温州南,2,D,D
TRAIN,G7347,金华南,icon,G,TO_OTHER_LINES,
INITIAL,14:10,14:25,上海虹桥,2,D,D
PASS,14:32,14:32,J4,2,D,D
STOP,14:39,14:41,松江南,2,D,D
STOP,14:59,15:01,嘉兴南,4,D,D
STOP,15:25,15:27,杭州东,6,D,D
PASS,15:20,15:20,J3,2,D,D
PASS,15:33,15:33,E2,2,D,D
STOP,15:59,16:01,义乌,2,D,D
TERMINAL,16:20,16:35,金华南,2,D,D
TRAIN,G1635,福州,icon,G,TO_OTHER_LINES,
INITIAL,14:20,14:35,上海虹桥,2,D,D
PASS,14:42,14:42,J4,2,D,D
STOP,15:03,15:06,嘉兴南,2,D,D
STOP,15:21,15:23,海宁西,2,D,D
STOP,15:36,15:38,杭州东,2,D,D
PASS,15:31,15:31,J3,2,D,D
PASS,15:44,15:44,E2,2,D,D
STOP,16:10,16:12,义乌,2,D,D
STOP,16:44,16:46,衢州,2,D,D
STOP,18:20,18:22,南平北,2,D,D
TERMINAL,19:00,19:15,福州,2,D,D
TRAIN,G7583,宁波,icon,G,TO_OTHER_LINES,
INITIAL,13:05,13:20,常州,2,D,D
STOP,13:34,13:36,无锡,2,D,D
STOP,13:51,13:53,苏州,2,D,D
STOP,14:00,14:10,苏州园区,2,D,D
STOP,14:37,14:40,上海虹桥2,20,D,D
PASS,14:44,14:44,J5,2,D,D
PASS,14:47,14:47,J4,2,D,D
PASS,14:32,14:32,E4,2,D,D
STOP,15:04,15:06,嘉善南,2,D,D
STOP,15:21,15:23,桐乡,2,D,D
STOP,15:40,15:43,杭州东,4,D,D
PASS,15:35,15:35,J3,2,D,D
PASS,15:49,15:49,E2,2,D,D
STOP,16:02,16:04,绍兴北,2,D,D
TERMINAL,16:36,16:51,宁波,2,D,D
TRAIN,D381,莆田,icon,D,TO_OTHER_LINES,
INITIAL,14:30,14:45,上海虹桥,2,D,D
PASS,14:52,14:52,J4,2,D,D
STOP,15:03,15:19,金山北,2,D,D
STOP,15:33,15:35,嘉兴南,4,D,D
STOP,15:51,15:53,海宁西,2,D,D
STOP,16:00,16:06,余杭,2,D,D
STOP,16:16,16:19,杭州东,2,D,D
PASS,16:11,16:11,J3,2,D,D
PASS,16:25,16:25,E2,2,D,D
STOP,16:38,16:40,绍兴北,2,D,D
STOP,17:18,17:22,宁波,2,D,D
STOP,17:50,17:52,宁海,2,D,D
STOP,18:14,18:16,临海,2,D,D
STOP,18:35,18:37,温岭,2,D,D
STOP,18:55,18:57,绅坊,2,D,D
STOP,19:17,19:20,温州南,2,D,D
STOP,19:44,19:46,苍南,2,D,D
STOP,20:18,20:20,霞浦,2,D,D
STOP,20:49,20:51,罗源,2,D,D
STOP,21:22,21:47,福州南,2,D,D
STOP,22:01,22:05,福清,2,D,D
TERMINAL,22:26,22:41,莆田,2,D,D
TRAIN,G41,杭州东,icon,G,TO_MAIN_TERMINAL,
INITIAL,9:00,9:15,北京南,2,D,D
STOP,10:07,10:09,沧州西,2,D,D
STOP,10:55,10:58,济南西,2,D,D
STOP,11:15,11:17,泰安,2,D,D
STOP,12:42,12:47,蚌埠南,2,D,D
STOP,13:29,13:31,南京南,2,D,D
STOP,13:51,13:56,镇江南,2,D,D
STOP,14:49,14:51,上海虹桥,2,D,D
PASS,14:58,14:58,J4,2,D,D
PASS,14:44,14:44,E3,2,D,D
STOP,15:18,15:20,嘉兴南,2,D,D
TERMINAL,15:44,15:59,杭州东,6,D,D
PASS,15:39,15:39,J3,2,D,D
TRAIN,G7517,宁波,icon,G,TO_OTHER_LINES,
INITIAL,14:41,14:56,上海虹桥,2,D,D
PASS,15:03,15:03,J4,2,D,D
STOP,15:23,15:25,嘉兴南,4,D,D
STOP,15:49,15:51,杭州东,6,D,D
PASS,15:44,15:44,J3,2,D,D
PASS,15:57,15:57,E2,2,D,D
STOP,16:10,16:12,绍兴北,2,D,D
STOP,16:30,16:32,余姚北,2,D,D
TERMINAL,16:51,17:06,宁波,2,D,D
TRAIN,G1357,长沙南,icon,G,TO_OTHER_LINES,
INITIAL,14:46,15:01,上海虹桥,2,D,D
PASS,15:08,15:08,J4,2,D,D
STOP,15:28,15:30,嘉兴南,2,D,D
STOP,15:54,15:56,杭州东,2,D,D
PASS,15:49,15:49,J3,2,D,D
PASS,16:02,16:02,E2,2,D,D
STOP,19:02,19:04,宜春,2,D,D
TERMINAL,19:48,20:03,长沙南,2,D,D
TRAIN,D3101,福州,icon,D,TO_OTHER_LINES,
INITIAL,14:53,15:08,上海虹桥,2,D,D
PASS,15:15,15:15,J4,2,D,D
STOP,15:33,15:35,嘉善南,2,D,D
STOP,15:50,15:57,桐乡,2,D,D
STOP,16:06,16:13,海宁西,2,D,D
STOP,16:27,16:30,杭州东,6,D,D
PASS,16:22,16:22,J3,2,D,D
PASS,16:36,16:36,E2,2,D,D
STOP,16:49,16:51,绍兴北,2,D,D
STOP,17:10,17:12,余姚北,2,D,D
STOP,17:27,17:34,庄桥,2,D,D
STOP,17:44,17:51,宁波,2,D,D
STOP,18:19,18:21,宁海,2,D,D
STOP,18:43,18:45,临海,2,D,D
STOP,18:57,18:59,台州,2,D,D
STOP,19:42,19:45,温州南,2,D,D
STOP,19:56,19:58,瑞安,2,D,D
STOP,20:31,20:33,太姥山,2,D,D
STOP,21:05,21:07,宁德,2,D,D
TERMINAL,21:51,22:06,福州,2,D,D
TRAIN,G1637,福州,icon,G,TO_OTHER_LINES,
INITIAL,14:58,15:13,上海虹桥,2,D,D
PASS,15:20,15:20,J4,2,D,D
STOP,15:27,15:28,松江南,2,D,D
STOP,15:46,15:52,嘉兴南,2,D,D
STOP,16:03,16:05,桐乡,2,D,D
STOP,16:22,16:25,杭州东,4,D,D
PASS,16:17,16:17,J3,2,D,D
PASS,16:31,16:31,E2,2,D,D
STOP,16:57,16:59,义乌,2,D,D
STOP,17:15,17:17,金华,2,D,D
STOP,17:45,17:47,江山,2,D,D
STOP,18:39,18:41,五府山,2,D,D
STOP,19:04,19:06,武夷山东,2,D,D
STOP,19:33,19:35,南平北,2,D,D
STOP,19:56,19:58,闽清北,2,D,D
TERMINAL,20:20,20:35,福州,2,D,D
TRAIN,G1305,广州南,icon,G,TO_OTHER_LINES,
INITIAL,15:10,15:25,上海虹桥,2,D,D
PASS,15:32,15:32,J4,2,D,D
STOP,16:12,16:14,杭州东,4,D,D
PASS,16:07,16:07,J3,2,D,D
PASS,16:20,16:20,E2,2,D,D
STOP,16:57,17:00,金华,2,D,D
STOP,19:21,19:23,新余北,2,D,D
STOP,19:38,19:40,宜春,2,D,D
STOP,19:58,20:00,萍乡北,2,D,D
STOP,20:12,20:14,醴陵东,2,D,D
STOP,20:39,20:47,长沙南,2,D,D
STOP,21:16,21:18,衡山西,2,D,D
STOP,21:31,21:33,衡阳东,2,D,D
STOP,22:06,22:08,郴州西,2,D,D
STOP,22:39,22:41,韶关,2,D,D
TERMINAL,23:38,23:53,广州南,2,D,D
TRAIN,G7337,苍南,icon,G,TO_OTHER_LINES,
INITIAL,15:17,15:32,上海虹桥,2,D,D
PASS,15:39,15:39,J4,2,D,D
STOP,15:56,15:58,嘉善南,2,D,D
STOP,16:13,16:15,桐乡,2,D,D
STOP,16:32,16:35,杭州东,2,D,D
PASS,16:27,16:27,J3,2,D,D
PASS,16:41,16:41,E2,2,D,D
STOP,17:07,17:09,义乌,2,D,D
STOP,17:33,17:35,武义北,2,D,D
STOP,17:47,17:49,永康南,2,D,D
STOP,17:59,18:01,缙云西,2,D,D
STOP,18:14,18:16,丽水,2,D,D
STOP,18:36,18:38,青田,2,D,D
STOP,18:58,19:14,温州南,2,D,D
STOP,19:25,19:32,瑞安,2,D,D
TERMINAL,19:50,20:05,苍南,2,D,D
TRAIN,G1359,长沙南,icon,G,TO_OTHER_LINES,
INITIAL,15:22,15:37,上海虹桥,2,D,D
PASS,15:44,15:44,J4,2,D,D
STOP,15:55,15:57,金山北,2,D,D
STOP,16:11,16:13,嘉兴南,2,D,D
STOP,16:36,16:40,杭州东,4,D,D
PASS,16:31,16:31,J3,2,D,D
PASS,16:46,16:46,E2,2,D,D
STOP,17:03,17:05,诸暨,2,D,D
STOP,17:30,17:32,金华,2,D,D
STOP,19:08,19:10,进贤南,2,D,D
STOP,19:28,19:31,南昌西,2,D,D
STOP,20:13,20:15,宜春,2,D,D
TERMINAL,20:59,21:14,长沙南,2,D,D
TRAIN,G7545,温州南,icon,G,TO_OTHER_LINES,
INITIAL,15:32,15:47,上海虹桥,2,D,D
PASS,15:54,15:54,J4,2,D,D
STOP,16:11,16:13,嘉善南,2,D,D
STOP,16:34,16:36,余杭,2,D,D
STOP,16:47,16:50,杭州东,2,D,D
PASS,16:42,16:42,J3,2,D,D
PASS,16:56,16:56,E2,2,D,D
STOP,17:09,17:11,绍兴北,2,D,D
STOP,17:29,17:31,余姚北,2,D,D
STOP,17:50,18:07,宁波,2,D,D
STOP,19:02,19:04,台州,2,D,D
STOP,19:15,19:17,温岭,2,D,D
STOP,19:46,19:48,永嘉,2,D,D
TERMINAL,19:59,20:14,温州南,2,D,D
TRAIN,G7519,宁波,icon,G,TO_OTHER_LINES,
INITIAL,15:37,15:52,上海虹桥,2,D,D
PASS,15:59,15:59,J4,2,D,D
STOP,16:10,16:12,金山北,2,D,D
STOP,16:36,16:38,海宁西,2,D,D
STOP,16:51,16:55,杭州东,6,D,D
PASS,16:46,16:46,J3,2,D,D
PASS,17:01,17:01,E2,2,D,D
STOP,17:14,17:16,绍兴北,2,D,D
STOP,17:34,17:36,余姚北,2,D,D
TERMINAL,17:55,18:10,宁波,2,D,D
TRAIN,D3103,福州南,icon,D,TO_OTHER_LINES,
INITIAL,15:42,15:57,上海虹桥,2,D,D
PASS,16:04,16:04,J4,2,D,D
STOP,16:11,16:13,松江南,2,D,D
STOP,16:38,16:40,桐乡,2,D,D
STOP,16:58,17:00,杭州东,4,D,D
PASS,16:53,16:53,J3,2,D,D
PASS,17:06,17:06,E2,2,D,D
STOP,17:19,17:21,绍兴北,2,D,D
STOP,17:33,17:35,绍兴东,2,D,D
STOP,17:46,17:48,余姚北,2,D,D
STOP,18:09,18:13,宁波,2,D,D
STOP,18:59,19:01,临海,2,D,D
STOP,19:13,19:15,台州,2,D,D
STOP,19:46,19:48,乐清,2,D,D
STOP,20:04,20:08,温州南,2,D,D
STOP,20:26,20:28,鳌江,2,D,D
STOP,20:50,20:52,福鼎,2,D,D
STOP,21:29,21:31,宁德,2,D,D
STOP,21:52,21:54,连江,2,D,D
TERMINAL,22:13,22:28,福州南,2,D,D
TRAIN,G7365,江山,icon,G,TO_OTHER_LINES,
INITIAL,15:52,16:07,上海虹桥,2,D,D
PASS,16:14,16:14,J4,2,D,D
STOP,16:35,16:37,嘉兴南,2,D,D
STOP,17:03,17:05,杭州东,2,D,D
PASS,16:58,16:58,J3,2,D,D
PASS,17:11,17:11,E2,2,D,D
STOP,17:28,17:30,诸暨,2,D,D
STOP,17:55,17:57,金华,2,D,D
TERMINAL,18:25,18:40,江山,2,D,D
TRAIN,G7571,温州南,icon,G,TO_OTHER_LINES,
INITIAL,11:56,12:11,淮南东,2,D,D
STOP,12:20,12:22,水家湖,2,D,D
STOP,12:44,12:51,合肥,2,D,D
STOP,13:50,13:57,南京南,2,D,D
STOP,14:23,14:25,镇江,2,D,D
STOP,14:38,14:40,丹阳,2,D,D
STOP,14:55,14:57,常州,2,D,D
STOP,15:11,15:13,无锡,2,D,D
STOP,15:28,15:30,苏州,2,D,D
STOP,15:37,15:43,苏州园区,2,D,D
STOP,16:08,16:12,上海虹桥2,20,D,D
PASS,16:16,16:16,J5,2,D,D
PASS,16:19,16:19,J4,2,D,D
PASS,16:03,16:03,E4,2,D,D
STOP,16:40,16:42,嘉兴南,4,D,D
STOP,16:57,16:59,海宁西,2,D,D
STOP,17:12,17:15,杭州东,6,D,D
PASS,17:07,17:07,J3,2,D,D
PASS,17:21,17:21,E2,2,D,D
STOP,17:34,17:36,绍兴北,2,D,D
STOP,17:54,17:56,余姚北,2,D,D
STOP,18:15,18:18,宁波,2,D,D
STOP,18:35,18:37,奉化,2,D,D
STOP,19:18,19:20,台州,2,D,D
STOP,19:38,19:40,雁荡山,2,D,D
STOP,20:02,20:04,永嘉,2,D,D
TERMINAL,20:16,20:31,温州南,2,D,D
TRAIN,G7321,苍南,icon,G,TO_OTHER_LINES,
INITIAL,16:02,16:17,上海虹桥,2,D,D
PASS,16:24,16:24,J4,2,D,D
STOP,16:40,16:42,嘉善南,2,D,D
STOP,16:57,16:59,桐乡,2,D,D
STOP,17:16,17:23,杭州东,4,D,D
PASS,17:11,17:11,J3,2,D,D
PASS,17:29,17:29,E2,2,D,D
STOP,17:46,17:48,诸暨,2,D,D
STOP,18:02,18:12,义乌,2,D,D
STOP,18:37,18:39,武义北,2,D,D
STOP,18:51,18:53,永康南,2,D,D
STOP,19:03,19:05,缙云西,2,D,D
STOP,19:18,19:20,丽水,2,D,D
STOP,19:40,19:42,青田,2,D,D
STOP,20:01,20:03,温州南,2,D,D
STOP,20:15,20:28,瑞安,2,D,D
TERMINAL,20:45,21:00,苍南,2,D,D
TRAIN,G7309,杭州,icon,G,TO_SUB_TERMINAL,
INITIAL,16:07,16:22,上海虹桥,2,D,D
PASS,16:29,16:29,J4,2,D,D
STOP,16:40,16:51,金山北,2,D,D
STOP,17:05,17:07,嘉兴南,4,D,D
STOP,17:18,17:20,桐乡,2,D,D
TERMINAL,17:43,17:51,杭州,3,D,D
PASS,17:36,17:36,J2,2,D,D
PASS,17:31,17:31,J3,2,D,D
TRAIN,G1583,九江,icon,G,TO_OTHER_LINES,
INITIAL,15:19,15:34,常州北,2,D,D
STOP,15:50,15:52,无锡东,2,D,D
STOP,16:03,16:05,苏州北,2,D,D
STOP,16:29,16:32,上海虹桥,2,D,D
PASS,16:39,16:39,J4,2,D,D
PASS,16:24,16:24,E3,2,D,D
STOP,16:59,17:01,嘉兴南,2,D,D
STOP,17:19,17:21,余杭,2,D,D
STOP,17:31,17:33,杭州东,2,D,D
PASS,17:26,17:26,J3,2,D,D
PASS,17:39,17:39,E2,2,D,D
STOP,17:56,17:58,诸暨,2,D,D
STOP,18:23,18:25,金华,2,D,D
STOP,18:46,18:48,衢州,2,D,D
STOP,20:30,20:34,南昌,2,D,D
STOP,20:56,20:58,永修,2,D,D
STOP,21:13,21:15,德安,2,D,D
TERMINAL,21:43,21:58,九江,2,D,D
TRAIN,G1361,长沙南,icon,G,TO_OTHER_LINES,
INITIAL,16:27,16:42,上海虹桥,2,D,D
PASS,16:49,16:49,J4,2,D,D
STOP,17:05,17:07,嘉善南,2,D,D
STOP,17:16,17:18,嘉兴南,2,D,D
STOP,17:41,17:45,杭州东,6,D,D
PASS,17:36,17:36,J3,2,D,D
PASS,17:51,17:51,E2,2,D,D
STOP,18:17,18:19,义乌,2,D,D
STOP,18:35,18:37,金华,2,D,D
STOP,18:58,19:00,衢州,2,D,D
STOP,20:33,20:37,南昌西,2,D,D
STOP,21:19,21:21,宜春,2,D,D
STOP,21:39,21:41,萍乡北,2,D,D
TERMINAL,22:13,22:28,长沙南,2,D,D
TRAIN,G7521,温州南,icon,G,TO_OTHER_LINES,
INITIAL,16:32,16:47,上海虹桥,2,D,D
PASS,16:54,16:54,J4,2,D,D
STOP,17:01,17:03,松江南,2,D,D
STOP,17:21,17:23,嘉兴南,4,D,D
STOP,17:41,17:43,余杭,2,D,D
STOP,17:53,17:55,杭州东,2,D,D
PASS,17:48,17:48,J3,2,D,D
PASS,18:01,18:01,E2,2,D,D
STOP,18:14,18:16,绍兴北,2,D,D
STOP,18:27,18:29,绍兴东,2,D,D
STOP,18:55,19:07,宁波,2,D,D
STOP,19:46,19:48,三门县,2,D,D
STOP,20:07,20:09,台州,2,D,D
STOP,20:20,20:22,温岭,2,D,D
TERMINAL,20:58,21:13,温州南,2,D,D
TRAIN,G7563,杭州东,icon,G,TO_MAIN_TERMINAL,
INITIAL,13:34,13:49,合肥南,2,D,D
STOP,14:42,14:48,南京南,2,D,D
STOP,15:14,15:20,镇江,2,D,D
STOP,15:33,15:39,丹阳,2,D,D
STOP,15:54,15:56,常州,2,D,D
STOP,16:10,16:12,无锡,2,D,D
STOP,16:27,16:29,苏州,2,D,D
STOP,16:41,16:43,昆山南,2,D,D
STOP,17:01,17:04,上海虹桥2,20,D,D
PASS,17:08,17:08,J5,2,D,D
PASS,17:11,17:11,J4,2,D,D
PASS,16:56,16:56,E4,2,D,D
STOP,17:32,17:34,嘉兴南,2,D,D
STOP,17:45,17:47,桐乡,2,D,D
TERMINAL,18:06,18:21,杭州东,6,D,D
PASS,18:01,18:01,J3,2,D,D
TRAIN,G1363,长沙南,icon,G,TO_OTHER_LINES,
INITIAL,16:54,17:09,上海虹桥,2,D,D
PASS,17:16,17:16,J4,2,D,D
STOP,17:27,17:32,金山北,2,D,D
STOP,17:46,17:49,嘉兴南,4,D,D
STOP,18:04,18:06,海宁西,2,D,D
STOP,18:19,18:21,杭州东,4,D,D
PASS,18:14,18:14,J3,2,D,D
PASS,18:27,18:27,E2,2,D,D
STOP,18:53,18:55,义乌,2,D,D
STOP,19:28,19:30,衢州,2,D,D
STOP,21:02,21:06,南昌西,2,D,D
STOP,21:38,21:40,新余北,2,D,D
STOP,22:08,22:10,萍乡北,2,D,D
TERMINAL,22:42,22:57,长沙南,2,D,D
TRAIN,G7585,温州南,icon,G,TO_OTHER_LINES,
INITIAL,15:51,16:06,常州,2,D,D
STOP,16:20,16:22,无锡,2,D,D
STOP,16:37,16:39,苏州,2,D,D
STOP,16:51,16:53,昆山南,2,D,D
STOP,17:12,17:14,上海虹桥2,20,D,D
PASS,17:18,17:18,J5,2,D,D
PASS,17:21,17:21,J4,2,D,D
PASS,17:07,17:07,E4,2,D,D
STOP,17:42,17:44,嘉兴南,2,D,D
STOP,18:02,18:04,余杭,2,D,D
STOP,18:14,18:16,杭州东,2,D,D
PASS,18:09,18:09,J3,2,D,D
PASS,18:22,18:22,E2,2,D,D
STOP,18:35,18:37,绍兴北,2,D,D
STOP,18:55,18:57,余姚北,2,D,D
STOP,19:17,19:19,宁波,2,D,D
STOP,19:36,19:38,奉化,2,D,D
STOP,20:11,20:13,临海,2,D,D
STOP,20:25,20:27,台州,2,D,D
STOP,20:58,21:00,乐清,2,D,D
TERMINAL,21:16,21:31,温州南,2,D,D
TRAIN,G1639,福州,icon,G,TO_OTHER_LINES,
INITIAL,17:07,17:22,上海虹桥,2,D,D
PASS,17:29,17:29,J4,2,D,D
STOP,17:45,17:48,嘉善南,2,D,D
STOP,18:03,18:05,桐乡,2,D,D
STOP,18:17,18:19,余杭,2,D,D
STOP,18:29,18:32,杭州东,2,D,D
PASS,18:24,18:24,J3,2,D,D
PASS,18:38,18:38,E2,2,D,D
STOP,19:25,19:27,龙游,2,D,D
STOP,20:39,20:47,武夷山北,2,D,D
STOP,20:59,21:01,武夷山东,2,D,D
STOP,21:17,21:19,建瓯西,2,D,D
STOP,21:35,21:37,南平北,2,D,D
TERMINAL,22:15,22:30,福州,2,D,D
TRAIN,G7311,杭州,icon,G,TO_SUB_TERMINAL,
INITIAL,17:12,17:27,上海虹桥,2,D,D
PASS,17:34,17:34,J4,2,D,D
STOP,17:45,17:47,金山北,2,D,D
STOP,18:01,18:03,嘉兴南,2,D,D
STOP,18:18,18:20,海宁西,2,D,D
TERMINAL,18:39,18:50,杭州,3,D,D
PASS,18:32,18:32,J2,2,D,D
PASS,18:27,18:27,J3,2,D,D
TRAIN,G7385,杭州东,icon,G,TO_MAIN_TERMINAL,
INITIAL,14:01,14:16,合肥南,2,D,D
STOP,14:52,14:54,全椒,2,D,D
STOP,15:16,15:24,南京南,2,D,D
STOP,15:44,15:55,镇江南,2,D,D
STOP,16:13,16:15,常州北,2,D,D
STOP,16:31,16:33,无锡东,2,D,D
STOP,16:44,16:46,苏州北,2,D,D
STOP,16:57,17:11,昆山南,2,D,D
STOP,17:29,17:32,上海虹桥,2,D,D
PASS,17:39,17:39,J4,2,D,D
PASS,17:24,17:24,E3,2,D,D
STOP,17:46,17:51,松江南,2,D,D
STOP,18:05,18:07,嘉善南,2,D,D
STOP,18:16,18:18,嘉兴南,2,D,D
TERMINAL,18:42,18:57,杭州东,2,D,D
PASS,18:37,18:37,J3,2,D,D
TRAIN,G1365,长沙南,icon,G,TO_OTHER_LINES,
INITIAL,17:23,17:38,上海虹桥,2,D,D
PASS,17:45,17:45,J4,2,D,D
STOP,18:05,18:08,嘉兴南,4,D,D
STOP,18:19,18:21,桐乡,2,D,D
STOP,18:38,18:42,杭州东,4,D,D
PASS,18:33,18:33,J3,2,D,D
PASS,18:48,18:48,E2,2,D,D
STOP,19:25,19:27,金华,2,D,D
STOP,19:55,19:57,江山,2,D,D
STOP,21:22,21:25,南昌西,2,D,D
STOP,22:07,22:09,宜春,2,D,D
STOP,22:27,22:29,萍乡北,2,D,D
TERMINAL,23:01,23:16,长沙南,2,D,D
TRAIN,G1393,九江,icon,G,TO_OTHER_LINES,
INITIAL,17:30,17:45,上海虹桥,2,D,D
PASS,17:52,17:52,J4,2,D,D
STOP,18:04,18:06,金山北,2,D,D
STOP,18:20,18:23,嘉兴南,4,D,D
STOP,18:46,18:53,杭州东,6,D,D
PASS,18:41,18:41,J3,2,D,D
PASS,18:59,18:59,E2,2,D,D
STOP,19:26,19:28,义乌,2,D,D
STOP,19:44,19:46,金华,2,D,D
STOP,20:14,20:16,江山,2,D,D
STOP,21:41,21:47,南昌西,2,D,D
STOP,22:21,22:23,共青城,2,D,D
STOP,22:30,22:32,德安,2,D,D
STOP,22:47,22:49,庐山,2,D,D
TERMINAL,23:00,23:15,九江,2,D,D
TRAIN,G7367,乐清,icon,G,TO_OTHER_LINES,
INITIAL,17:38,17:53,上海虹桥,2,D,D
PASS,18:00,18:00,J4,2,D,D
STOP,18:07,18:12,松江南,2,D,D
STOP,18:30,18:33,嘉兴南,4,D,D
STOP,18:48,18:50,海宁西,2,D,D
STOP,19:03,19:08,杭州东,6,D,D
PASS,18:58,18:58,J3,2,D,D
PASS,19:14,19:14,E2,2,D,D
STOP,19:31,19:33,诸暨,2,D,D
STOP,19:47,19:49,义乌,2,D,D
STOP,20:06,20:08,金华南,2,D,D
STOP,20:19,20:21,武义北,2,D,D
STOP,20:33,20:35,永康南,2,D,D
STOP,20:45,20:47,缙云西,2,D,D
STOP,21:00,21:02,丽水,2,D,D
STOP,21:22,21:24,青田,2,D,D
STOP,21:41,22:05,温州南,2,D,D
TERMINAL,22:21,22:36,乐清,2,D,D
TRAIN,G7525,温州南,icon,G,TO_OTHER_LINES,
INITIAL,17:43,17:58,上海虹桥,2,D,D
PASS,18:05,18:05,J4,2,D,D
STOP,18:26,18:28,嘉兴南,2,D,D
STOP,18:46,18:48,余杭,2,D,D
STOP,18:58,19:03,杭州东,4,D,D
PASS,18:53,18:53,J3,2,D,D
PASS,19:09,19:09,E2,2,D,D
STOP,19:28,19:30,绍兴东,2,D,D
STOP,19:42,19:44,余姚北,2,D,D
STOP,20:03,20:06,宁波,2,D,D
STOP,20:34,20:36,宁海,2,D,D
STOP,20:58,21:00,临海,2,D,D
STOP,21:12,21:14,台州,2,D,D
STOP,21:25,21:27,温岭,2,D,D
TERMINAL,22:03,22:18,温州南,2,D,D
TRAIN,G1519,黄山北,icon,G,TO_OTHER_LINES,
INITIAL,17:52,18:07,上海虹桥,2,D,D
PASS,18:14,18:14,J4,2,D,D
STOP,18:30,18:33,嘉善南,2,D,D
STOP,18:48,18:54,桐乡,2,D,D
STOP,19:11,19:13,杭州东,2,D,D
PASS,19:06,19:06,J3,2,D,D
PASS,19:19,19:19,E2,2,D,D
STOP,19:36,19:38,诸暨,2,D,D
STOP,19:52,19:54,义乌,2,D,D
STOP,20:10,20:12,金华,2,D,D
STOP,21:49,21:51,婺源,2,D,D
TERMINAL,22:15,22:30,黄山北,2,D,D
TRAIN,G7371,江山,icon,G,TO_OTHER_LINES,
INITIAL,13:55,14:10,金寨,2,D,D
STOP,14:27,14:31,六安,2,D,D
STOP,14:55,15:03,合肥南,2,D,D
STOP,15:38,15:40,全椒,2,D,D
STOP,16:01,16:04,南京南,2,D,D
STOP,16:49,16:51,常州,2,D,D
STOP,17:05,17:07,无锡,2,D,D
STOP,17:22,17:24,苏州,2,D,D
STOP,17:34,17:35,阳澄湖,2,D,D
STOP,17:42,17:48,昆山南,2,D,D
STOP,18:08,18:13,上海虹桥2,20,D,D
PASS,18:17,18:17,J5,2,D,D
PASS,18:20,18:20,J4,2,D,D
PASS,18:03,18:03,E4,2,D,D
STOP,18:32,18:34,金山北,2,D,D
STOP,19:07,19:23,杭州东,4,D,D
PASS,19:02,19:02,J3,2,D,D
PASS,19:29,19:29,E2,2,D,D
STOP,19:46,19:48,诸暨,2,D,D
STOP,20:02,20:04,义乌,2,D,D
STOP,20:20,20:22,金华,2,D,D
STOP,20:37,20:44,龙游,2,D,D
STOP,20:55,20:57,衢州,2,D,D
TERMINAL,21:09,21:24,江山,2,D,D
TRAIN,G7391,南京南,icon,G,TO_OTHER_LINES,拆分自G7391
INITIAL,18:03,18:18,上海虹桥,2,D,D
PASS,18:25,18:25,J4,2,D,D
STOP,18:32,18:41,松江南,2,D,D
STOP,18:55,18:57,嘉善南,2,D,D
STOP,19:12,19:14,桐乡,2,D,D
PASS,19:32,19:32,J2,2,D,D
PASS,19:27,19:27,J3,2,D,D
TERMINAL,19:39,19:47,杭州,3,D,U
TRAIN,G7394,南京南,icon,G,TO_OTHER_LINES,拆分自G7391
INITIAL,19:47,19:55,杭州,3,D,U
PASS,20:07,20:07,J1,2,U,U
PASS,20:09,20:09,E1,2,U,U
STOP,20:14,20:16,德清,2,D,D
STOP,20:29,20:31,湖州,2,D,D
STOP,20:40,20:42,长兴,2,D,D
STOP,20:55,20:57,宜兴,2,D,D
STOP,21:08,21:10,溧阳,2,D,D
STOP,21:26,21:28,溧水,2,D,D
TERMINAL,21:43,21:58,南京南,2,D,D
TRAIN,G7359,杭州,icon,G,TO_SUB_TERMINAL,
INITIAL,17:39,17:54,上海,2,D,D
STOP,18:20,18:23,上海虹桥2,20,D,D
PASS,18:27,18:27,J5,2,D,D
PASS,18:30,18:30,J4,2,D,D
PASS,18:15,18:15,E4,2,D,D
STOP,18:51,18:53,嘉兴南,2,D,D
STOP,19:11,19:13,余杭,2,D,D
TERMINAL,19:31,19:45,杭州,2,D,D
PASS,19:24,19:24,J2,2,D,D
PASS,19:19,19:19,J3,2,D,D
TRAIN,G1395,金华,icon,G,TO_OTHER_LINES,
INITIAL,18:13,18:28,上海虹桥,2,D,D
PASS,18:35,18:35,J4,2,D,D
STOP,18:55,18:58,嘉兴南,4,D,D
STOP,19:13,19:15,海宁西,2,D,D
STOP,19:28,19:33,杭州东,2,D,D
PASS,19:23,19:23,J3,2,D,D
PASS,19:39,19:39,E2,2,D,D
STOP,20:06,20:09,义乌,2,D,D
TERMINAL,20:25,20:40,金华,2,D,D
TRAIN,G7339,苍南,icon,G,TO_OTHER_LINES,
INITIAL,18:20,18:35,上海虹桥,2,D,D
PASS,18:42,18:42,J4,2,D,D
STOP,18:53,18:55,金山北,2,D,D
STOP,19:09,19:11,嘉兴南,2,D,D
STOP,19:35,19:40,杭州东,6,D,D
PASS,19:30,19:30,J3,2,D,D
PASS,19:46,19:46,E2,2,D,D
STOP,20:03,20:05,诸暨,2,D,D
STOP,20:19,20:21,义乌,2,D,D
STOP,20:53,20:55,永康南,2,D,D
STOP,21:05,21:07,缙云西,2,D,D
STOP,21:20,21:22,丽水,2,D,D
STOP,21:42,21:44,青田,2,D,D
STOP,22:04,22:16,温州南,2,D,D
STOP,22:32,22:39,鳌江,2,D,D
TERMINAL,22:51,23:06,苍南,2,D,D
TRAIN,D3321,金华,icon,D,TO_OTHER_LINES,
INITIAL,18:26,18:41,上海虹桥,2,D,D
PASS,18:48,18:48,J4,2,D,D
STOP,18:55,19:01,松江南,2,D,D
STOP,19:20,19:22,嘉兴南,2,D,D
STOP,19:48,19:53,杭州东,2,D,D
PASS,19:43,19:43,J3,2,D,D
PASS,19:59,19:59,E2,2,D,D
STOP,20:17,20:19,诸暨,2,D,D
TERMINAL,20:47,21:02,金华,2,D,D
TRAIN,G1227,苍南,icon,G,TO_OTHER_LINES,
INITIAL,7:37,7:52,沈阳北,2,D,D
STOP,8:00,8:06,沈阳,2,D,D
STOP,8:30,8:32,辽阳,2,D,D
STOP,8:43,8:45,鞍山西,2,D,D
STOP,8:57,8:59,海城西,2,D,D
STOP,9:26,9:28,盘锦,2,D,D
STOP,10:58,11:01,山海关,2,D,D
STOP,11:15,11:18,秦皇岛,2,D,D
STOP,11:43,11:45,滦河,2,D,D
STOP,12:03,12:05,唐山,2,D,D
STOP,12:38,12:40,天津,2,D,D
STOP,12:48,12:52,天津西,2,D,D
STOP,13:23,13:25,沧州西,2,D,D
STOP,14:10,14:13,济南西,2,D,D
STOP,14:30,14:32,泰安,2,D,D
STOP,15:10,15:19,枣庄,2,D,D
STOP,15:37,15:39,徐州东,2,D,D
STOP,16:27,16:29,定远,2,D,D
STOP,16:58,17:00,南京南,2,D,D
STOP,17:20,17:22,镇江南,2,D,D
STOP,17:33,17:38,丹阳北,2,D,D
STOP,17:49,17:55,常州北,2,D,D
STOP,18:17,18:19,苏州北,2,D,D
STOP,18:44,18:56,上海虹桥,2,D,D
PASS,19:03,19:03,J4,2,D,D
PASS,18:39,18:39,E3,2,D,D
STOP,19:24,19:27,嘉兴南,4,D,D
STOP,19:46,19:48,余杭,2,D,D
STOP,19:58,20:10,杭州东,4,D,D
PASS,19:53,19:53,J3,2,D,D
PASS,20:16,20:16,E2,2,D,D
STOP,20:33,20:35,诸暨,2,D,D
STOP,20:49,20:51,义乌,2,D,D
STOP,21:08,21:10,金华南,2,D,D
STOP,21:29,21:31,永康南,2,D,D
STOP,21:41,21:43,缙云西,2,D,D
STOP,21:56,21:58,丽水,2,D,D
STOP,22:18,22:20,青田,2,D,D
STOP,22:39,22:43,温州南,2,D,D
TERMINAL,23:08,23:23,苍南,2,D,D
TRAIN,G7535,温州南,icon,G,TO_OTHER_LINES,
INITIAL,18:46,19:01,上海虹桥,2,D,D
PASS,19:08,19:08,J4,2,D,D
STOP,19:29,19:32,嘉兴南,2,D,D
STOP,19:48,19:50,海宁西,2,D,D
STOP,20:03,20:05,杭州东,6,D,D
PASS,19:58,19:58,J3,2,D,D
PASS,20:11,20:11,E2,2,D,D
STOP,20:41,20:43,余姚北,2,D,D
STOP,21:02,21:04,宁波,2,D,D
STOP,21:58,22:00,台州,2,D,D
STOP,22:11,22:13,温岭,2,D,D
TERMINAL,22:50,23:05,温州南,2,D,D
TRAIN,D3323,江山,icon,D,TO_OTHER_LINES,
INITIAL,18:51,19:06,上海虹桥,2,D,D
PASS,19:13,19:13,J4,2,D,D
STOP,19:35,19:38,嘉兴南,4,D,D
STOP,19:49,19:52,桐乡,2,D,D
STOP,20:10,20:21,杭州东,6,D,D
PASS,20:05,20:05,J3,2,D,D
PASS,20:27,20:27,E2,2,D,D
STOP,20:55,20:58,义乌,2,D,D
STOP,21:15,21:19,金华,2,D,D
TERMINAL,21:52,22:07,江山,2,D,D
TRAIN,G7381,衢州,icon,G,TO_OTHER_LINES,
INITIAL,18:56,19:11,上海虹桥,2,D,D
PASS,19:18,19:18,J4,2,D,D
STOP,19:35,19:37,嘉善南,2,D,D
STOP,19:46,19:54,嘉兴南,2,D,D
STOP,20:12,20:14,余杭,2,D,D
STOP,20:24,20:26,杭州东,4,D,D
PASS,20:19,20:19,J3,2,D,D
PASS,20:32,20:32,E2,2,D,D
STOP,20:49,20:51,诸暨,2,D,D
STOP,21:05,21:07,义乌,2,D,D
STOP,21:23,21:25,金华,2,D,D
STOP,21:40,21:42,龙游,2,D,D
TERMINAL,21:54,22:09,衢州,2,D,D
TRAIN,G7561,温州南,icon,G,TO_OTHER_LINES,
INITIAL,19:05,19:20,上海虹桥,2,D,D
PASS,19:27,19:27,J4,2,D,D
STOP,19:39,19:41,金山北,2,D,D
STOP,20:14,20:16,杭州东,2,D,D
PASS,20:09,20:09,J3,2,D,D
PASS,20:22,20:22,E2,2,D,D
STOP,20:35,20:37,绍兴北,2,D,D
STOP,21:09,21:15,宁波,2,D,D
STOP,22:09,22:11,台州,2,D,D
TERMINAL,22:55,23:10,温州南,2,D,D
TRAIN,G7557,三门县,icon,G,TO_OTHER_LINES,
INITIAL,19:16,19:31,上海虹桥,2,D,D
PASS,19:38,19:38,J4,2,D,D
STOP,19:58,20:00,嘉兴南,4,D,D
STOP,20:15,20:20,海宁西,2,D,D
STOP,20:34,20:38,杭州东,2,D,D
PASS,20:29,20:29,J3,2,D,D
PASS,20:44,20:44,E2,2,D,D
STOP,20:57,20:59,绍兴北,2,D,D
STOP,21:31,21:50,宁波,2,D,D
TERMINAL,22:30,22:45,三门县,2,D,D
TRAIN,G1865,宁波,icon,G,TO_OTHER_LINES,
INITIAL,14:20,14:35,郑州东,2,D,D
STOP,15:06,15:15,兰考南,2,D,D
STOP,16:23,16:26,徐州东,2,D,D
STOP,17:14,17:16,定远,2,D,D
STOP,17:46,17:50,南京南,2,D,D
STOP,18:23,18:25,常州北,2,D,D
STOP,18:47,18:49,苏州北,2,D,D
STOP,19:00,19:16,昆山南,2,D,D
STOP,19:33,19:36,上海虹桥,2,D,D
PASS,19:43,19:43,J4,2,D,D
PASS,19:28,19:28,E3,2,D,D
STOP,20:03,20:05,嘉兴南,2,D,D
STOP,20:29,20:44,杭州东,6,D,D
PASS,20:24,20:24,J3,2,D,D
PASS,20:50,20:50,E2,2,D,D
STOP,21:03,21:05,绍兴北,2,D,D
STOP,21:24,21:26,余姚北,2,D,D
TERMINAL,21:45,22:00,宁波,2,D,D
TRAIN,G7313,杭州,icon,G,TO_SUB_TERMINAL,
INITIAL,19:26,19:41,上海虹桥,2,D,D
PASS,19:48,19:48,J4,2,D,D
STOP,20:08,20:10,嘉兴南,4,D,D
STOP,20:26,20:28,海宁西,2,D,D
TERMINAL,20:47,21:02,杭州,4,D,D
PASS,20:40,20:40,J2,2,D,D
PASS,20:35,20:35,J3,2,D,D
TRAIN,G43,杭州东,icon,G,TO_MAIN_TERMINAL,
INITIAL,13:50,14:05,北京南,2,D,D
STOP,15:18,15:20,德州东,2,D,D
STOP,15:44,15:46,济南西,2,D,D
STOP,16:18,16:20,曲阜东,2,D,D
STOP,16:56,16:58,徐州东,2,D,D
STOP,18:00,18:09,滁州,2,D,D
STOP,18:26,18:28,南京南,2,D,D
STOP,19:18,19:20,苏州北,2,D,D
STOP,19:43,19:47,上海虹桥,2,D,D
PASS,19:54,19:54,J4,2,D,D
PASS,19:38,19:38,E3,2,D,D
STOP,20:15,20:17,嘉兴南,2,D,D
STOP,20:28,20:30,桐乡,2,D,D
TERMINAL,20:47,21:02,杭州东,4,D,D
PASS,20:42,20:42,J3,2,D,D
TRAIN,D941,珠海,icon,D,TO_OTHER_LINES,
INITIAL,19:40,19:55,上海虹桥,2,D,D
PASS,20:02,20:02,J4,2,D,D
STOP,20:53,20:55,杭州东,2,D,D
PASS,20:48,20:48,J3,2,D,D
PASS,21:01,21:01,E2,2,D,D
STOP,21:54,21:58,宁波,2,D,D
STOP,6:29,6:33,深圳北,2,D,D
STOP,7:05,7:32,广州南,2,D,D
STOP,8:01,8:03,中山,2,D,D
TERMINAL,8:29,8:44,珠海,2,D,D
TRAIN,D931,湛江西,icon,D,TO_OTHER_LINES,
INITIAL,19:45,20:00,上海虹桥,2,D,D
PASS,20:07,20:07,J4,2,D,D
STOP,20:58,21:00,杭州东,6,D,D
PASS,20:53,20:53,J3,2,D,D
PASS,21:06,21:06,E2,2,D,D
STOP,21:59,22:03,宁波,2,D,D
STOP,6:36,6:40,深圳北,2,D,D
STOP,7:12,7:42,广州南,2,D,D
STOP,8:16,8:18,新会,2,D,D
STOP,9:14,9:16,阳江,2,D,D
STOP,9:59,10:01,茂名,2,D,D
TERMINAL,10:37,10:52,湛江西,2,D,D
TRAIN,D935,广州南,icon,D,TO_OTHER_LINES,
INITIAL,19:50,20:05,上海虹桥,2,D,D
PASS,20:12,20:12,J4,2,D,D
STOP,21:03,21:05,杭州东,4,D,D
PASS,20:58,20:58,J3,2,D,D
PASS,21:11,21:11,E2,2,D,D
STOP,22:04,22:08,宁波,2,D,D
STOP,6:42,6:46,深圳北,2,D,D
TERMINAL,7:24,7:39,广州南,2,D,D
TRAIN,D905,深圳北,icon,D,TO_OTHER_LINES,
INITIAL,19:19,19:34,上海,2,D,D
STOP,20:02,20:09,上海虹桥2,20,D,D
PASS,20:13,20:13,J5,2,D,D
PASS,20:16,20:16,J4,2,D,D
PASS,19:57,19:57,E4,2,D,D
STOP,21:08,21:10,杭州东,2,D,D
PASS,21:03,21:03,J3,2,D,D
PASS,21:16,21:16,E2,2,D,D
STOP,22:09,22:13,宁波,2,D,D
TERMINAL,6:53,7:08,深圳北,2,D,D
TRAIN,G7527,宁海,icon,G,TO_OTHER_LINES,
INITIAL,20:06,20:21,上海虹桥,2,D,D
PASS,20:28,20:28,J4,2,D,D
STOP,20:40,20:42,金山北,2,D,D
STOP,21:10,21:12,余杭,2,D,D
STOP,21:22,21:24,杭州东,4,D,D
PASS,21:17,21:17,J3,2,D,D
PASS,21:30,21:30,E2,2,D,D
STOP,21:59,22:01,余姚北,2,D,D
STOP,22:21,22:23,宁波,2,D,D
TERMINAL,22:52,23:07,宁海,2,D,D
TRAIN,G7529,宁波,icon,G,TO_OTHER_LINES,
INITIAL,20:20,20:35,上海虹桥,2,D,D
PASS,20:42,20:42,J4,2,D,D
STOP,20:59,21:01,嘉善南,2,D,D
STOP,21:10,21:12,嘉兴南,2,D,D
STOP,21:23,21:25,桐乡,2,D,D
STOP,21:42,21:48,杭州东,2,D,D
PASS,21:37,21:37,J3,2,D,D
PASS,21:54,21:54,E2,2,D,D
STOP,22:07,22:09,绍兴北,2,D,D
STOP,22:20,22:22,绍兴东,2,D,D
STOP,22:34,22:37,余姚北,2,D,D
TERMINAL,22:58,23:13,宁波,2,D,D
TRAIN,G7383,衢州,icon,G,TO_OTHER_LINES,
INITIAL,20:29,20:44,上海虹桥,2,D,D
PASS,20:51,20:51,J4,2,D,D
STOP,21:03,21:05,金山北,2,D,D
STOP,21:19,21:21,嘉兴南,2,D,D
STOP,21:32,21:34,桐乡,2,D,D
STOP,21:51,21:53,杭州东,4,D,D
PASS,21:46,21:46,J3,2,D,D
PASS,21:59,21:59,E2,2,D,D
STOP,22:16,22:18,诸暨,2,D,D
STOP,22:32,22:34,义乌,2,D,D
STOP,22:50,22:52,金华,2,D,D
TERMINAL,23:14,23:29,衢州,2,D,D
TRAIN,G7555,杭州东,icon,G,TO_MAIN_TERMINAL,
INITIAL,20:50,21:05,上海虹桥,2,D,D
PASS,21:12,21:12,J4,2,D,D
STOP,21:28,21:30,嘉善南,2,D,D
STOP,21:39,21:41,嘉兴南,2,D,D
TERMINAL,22:07,22:22,杭州东,2,D,D
PASS,22:02,22:02,J3,2,D,D
TRAIN,G7315,杭州,icon,G,TO_SUB_TERMINAL,
INITIAL,21:15,21:30,上海虹桥,2,D,D
PASS,21:37,21:37,J4,2,D,D
STOP,21:57,21:59,嘉兴南,2,D,D
TERMINAL,22:28,22:43,杭州,3,D,D
PASS,22:21,22:21,J2,2,D,D
PASS,22:16,22:16,J3,2,D,D
